family,n,k,heuristic,solved,transitions
AT,1,1,RANDOM,true,6
AT,1,1,FIRST,true,6
AT,1,1,BFS,true,6
AT,1,1,RA,true,6
AT,1,1,RA_ER,true,6
AT,1,2,RANDOM,true,8
AT,1,2,FIRST,true,8
AT,1,2,BFS,true,8
AT,1,2,RA,true,6
AT,1,2,RA_ER,true,6
AT,1,3,RANDOM,true,10
AT,1,3,FIRST,true,10
AT,1,3,BFS,true,10
AT,1,3,RA,true,6
AT,1,3,RA_ER,true,6
AT,1,4,RANDOM,true,8
AT,1,4,FIRST,true,12
AT,1,4,BFS,true,12
AT,1,4,RA,true,6
AT,1,4,RA_ER,true,6
AT,1,5,RANDOM,true,9
AT,1,5,FIRST,true,14
AT,1,5,BFS,true,14
AT,1,5,RA,true,6
AT,1,5,RA_ER,true,6
AT,1,6,RANDOM,true,10
AT,1,6,FIRST,true,16
AT,1,6,BFS,true,16
AT,1,6,RA,true,6
AT,1,6,RA_ER,true,6
AT,1,7,RANDOM,true,16
AT,1,7,FIRST,true,18
AT,1,7,BFS,true,18
AT,1,7,RA,true,6
AT,1,7,RA_ER,true,6
AT,1,8,RANDOM,true,19
AT,1,8,FIRST,true,20
AT,1,8,BFS,true,20
AT,1,8,RA,true,6
AT,1,8,RA_ER,true,6
AT,1,9,RANDOM,true,19
AT,1,9,FIRST,true,22
AT,1,9,BFS,true,22
AT,1,9,RA,true,6
AT,1,9,RA_ER,true,6
AT,1,10,RANDOM,true,23
AT,1,10,FIRST,true,24
AT,1,10,BFS,true,24
AT,1,10,RA,true,6
AT,1,10,RA_ER,true,6
AT,1,11,RANDOM,true,26
AT,1,11,FIRST,true,26
AT,1,11,BFS,true,26
AT,1,11,RA,true,6
AT,1,11,RA_ER,true,6
AT,1,12,RANDOM,true,10
AT,1,12,FIRST,true,28
AT,1,12,BFS,true,28
AT,1,12,RA,true,6
AT,1,12,RA_ER,true,6
AT,1,13,RANDOM,true,25
AT,1,13,FIRST,true,30
AT,1,13,BFS,true,30
AT,1,13,RA,true,6
AT,1,13,RA_ER,true,6
AT,1,14,RANDOM,true,30
AT,1,14,FIRST,true,32
AT,1,14,BFS,true,32
AT,1,14,RA,true,6
AT,1,14,RA_ER,true,6
AT,1,15,RANDOM,true,29
AT,1,15,FIRST,true,34
AT,1,15,BFS,true,34
AT,1,15,RA,true,6
AT,1,15,RA_ER,true,6
AT,2,1,RANDOM,true,20
AT,2,1,FIRST,true,32
AT,2,1,BFS,true,32
AT,2,1,RA,true,43
AT,2,1,RA_ER,true,21
AT,2,2,RANDOM,true,81
AT,2,2,FIRST,true,65
AT,2,2,BFS,true,65
AT,2,2,RA,true,81
AT,2,2,RA_ER,true,43
AT,2,3,RANDOM,true,112
AT,2,3,FIRST,true,97
AT,2,3,BFS,true,97
AT,2,3,RA,true,81
AT,2,3,RA_ER,true,61
AT,2,4,RANDOM,true,132
AT,2,4,FIRST,true,137
AT,2,4,BFS,true,137
AT,2,4,RA,true,81
AT,2,4,RA_ER,true,81
AT,2,5,RANDOM,true,188
AT,2,5,FIRST,true,185
AT,2,5,BFS,true,185
AT,2,5,RA,true,81
AT,2,5,RA_ER,true,103
AT,2,6,RANDOM,true,211
AT,2,6,FIRST,true,241
AT,2,6,BFS,true,241
AT,2,6,RA,true,81
AT,2,6,RA_ER,true,127
AT,2,7,RANDOM,true,205
AT,2,7,FIRST,true,305
AT,2,7,BFS,true,305
AT,2,7,RA,true,81
AT,2,7,RA_ER,true,153
AT,2,8,RANDOM,true,212
AT,2,8,FIRST,true,377
AT,2,8,BFS,true,377
AT,2,8,RA,true,81
AT,2,8,RA_ER,true,181
AT,2,9,RANDOM,true,341
AT,2,9,FIRST,true,457
AT,2,9,BFS,true,457
AT,2,9,RA,true,81
AT,2,9,RA_ER,true,211
AT,2,10,RANDOM,true,459
AT,2,10,FIRST,true,545
AT,2,10,BFS,true,545
AT,2,10,RA,true,81
AT,2,10,RA_ER,true,243
AT,2,11,RANDOM,true,318
AT,2,11,FIRST,true,641
AT,2,11,BFS,true,641
AT,2,11,RA,true,81
AT,2,11,RA_ER,true,277
AT,2,12,RANDOM,true,604
AT,2,12,FIRST,true,745
AT,2,12,BFS,true,745
AT,2,12,RA,true,81
AT,2,12,RA_ER,true,313
AT,2,13,RANDOM,true,461
AT,2,13,FIRST,true,857
AT,2,13,BFS,true,857
AT,2,13,RA,true,81
AT,2,13,RA_ER,true,351
AT,2,14,RANDOM,true,896
AT,2,14,FIRST,true,977
AT,2,14,BFS,true,977
AT,2,14,RA,true,81
AT,2,14,RA_ER,true,391
AT,2,15,RANDOM,true,876
AT,2,15,FIRST,true,1105
AT,2,15,BFS,true,1105
AT,2,15,RA,true,81
AT,2,15,RA_ER,true,433
AT,3,1,RANDOM,true,53
AT,3,1,FIRST,true,96
AT,3,1,BFS,true,96
AT,3,1,RA,true,226
AT,3,1,RA_ER,true,61
AT,3,2,RANDOM,true,493
AT,3,2,FIRST,true,508
AT,3,2,BFS,true,508
AT,3,2,RA,true,717
AT,3,2,RA_ER,true,385
AT,3,3,RANDOM,true,974
AT,3,3,FIRST,true,965
AT,3,3,BFS,true,965
AT,3,3,RA,true,1133
AT,3,3,RA_ER,true,497
AT,3,4,RANDOM,true,1243
AT,3,4,FIRST,true,1545
AT,3,4,BFS,true,1545
AT,3,4,RA,true,1133
AT,3,4,RA_ER,true,743
AT,3,5,RANDOM,true,1818
AT,3,5,FIRST,true,2341
AT,3,5,BFS,true,2341
AT,3,5,RA,true,1133
AT,3,5,RA_ER,true,1058
AT,3,6,RANDOM,false,2500
AT,3,6,FIRST,false,2500
AT,3,6,BFS,false,2500
AT,3,6,RA,true,1133
AT,3,6,RA_ER,true,1451
AT,3,7,RANDOM,false,2500
AT,3,7,FIRST,false,2500
AT,3,7,BFS,false,2500
AT,3,7,RA,true,1133
AT,3,7,RA_ER,true,1928
AT,3,8,RANDOM,false,2500
AT,3,8,FIRST,false,2500
AT,3,8,BFS,false,2500
AT,3,8,RA,true,1133
AT,3,8,RA_ER,true,2495
AT,3,9,RANDOM,false,2500
AT,3,9,FIRST,false,2500
AT,3,9,BFS,false,2500
AT,3,9,RA,true,1133
AT,3,9,RA_ER,false,2500
AT,3,10,RANDOM,false,2500
AT,3,10,FIRST,false,2500
AT,3,10,BFS,false,2500
AT,3,10,RA,true,1133
AT,3,10,RA_ER,false,2500
AT,3,11,RANDOM,false,2500
AT,3,11,FIRST,false,2500
AT,3,11,BFS,false,2500
AT,3,11,RA,true,1133
AT,3,11,RA_ER,false,2500
AT,3,12,RANDOM,false,2500
AT,3,12,FIRST,false,2500
AT,3,12,BFS,false,2500
AT,3,12,RA,true,1133
AT,3,12,RA_ER,false,2500
AT,3,13,RANDOM,false,2500
AT,3,13,FIRST,false,2500
AT,3,13,BFS,false,2500
AT,3,13,RA,true,1133
AT,3,13,RA_ER,false,2500
AT,3,14,RANDOM,false,2500
AT,3,14,FIRST,false,2500
AT,3,14,BFS,false,2500
AT,3,14,RA,true,1133
AT,3,14,RA_ER,false,2500
AT,3,15,RANDOM,false,2500
AT,3,15,FIRST,false,2500
AT,3,15,BFS,false,2500
AT,3,15,RA,true,1133
AT,3,15,RA_ER,false,2500
AT,4,1,RANDOM,false,-1
AT,4,1,FIRST,false,-1
AT,4,1,BFS,false,-1
AT,4,1,RA,true,981
AT,4,1,RA_ER,false,-1
AT,4,2,RANDOM,false,-1
AT,4,2,FIRST,false,-1
AT,4,2,BFS,false,-1
AT,4,2,RA,false,2500
AT,4,2,RA_ER,false,-1
AT,4,3,RANDOM,false,-1
AT,4,3,FIRST,false,-1
AT,4,3,BFS,false,-1
AT,4,3,RA,false,2500
AT,4,3,RA_ER,false,-1
AT,4,4,RANDOM,false,-1
AT,4,4,FIRST,false,-1
AT,4,4,BFS,false,-1
AT,4,4,RA,false,2500
AT,4,4,RA_ER,false,-1
AT,4,5,RANDOM,false,-1
AT,4,5,FIRST,false,-1
AT,4,5,BFS,false,-1
AT,4,5,RA,false,2500
AT,4,5,RA_ER,false,-1
AT,4,6,RANDOM,false,-1
AT,4,6,FIRST,false,-1
AT,4,6,BFS,false,-1
AT,4,6,RA,false,2500
AT,4,6,RA_ER,false,-1
AT,4,7,RANDOM,false,-1
AT,4,7,FIRST,false,-1
AT,4,7,BFS,false,-1
AT,4,7,RA,false,2500
AT,4,7,RA_ER,false,-1
AT,4,8,RANDOM,false,-1
AT,4,8,FIRST,false,-1
AT,4,8,BFS,false,-1
AT,4,8,RA,false,2500
AT,4,8,RA_ER,false,-1
AT,4,9,RANDOM,false,-1
AT,4,9,FIRST,false,-1
AT,4,9,BFS,false,-1
AT,4,9,RA,false,2500
AT,4,9,RA_ER,false,-1
AT,4,10,RANDOM,false,-1
AT,4,10,FIRST,false,-1
AT,4,10,BFS,false,-1
AT,4,10,RA,false,2500
AT,4,10,RA_ER,false,-1
AT,4,11,RANDOM,false,-1
AT,4,11,FIRST,false,-1
AT,4,11,BFS,false,-1
AT,4,11,RA,false,2500
AT,4,11,RA_ER,false,-1
AT,4,12,RANDOM,false,-1
AT,4,12,FIRST,false,-1
AT,4,12,BFS,false,-1
AT,4,12,RA,false,2500
AT,4,12,RA_ER,false,-1
AT,4,13,RANDOM,false,-1
AT,4,13,FIRST,false,-1
AT,4,13,BFS,false,-1
AT,4,13,RA,false,2500
AT,4,13,RA_ER,false,-1
AT,4,14,RANDOM,false,-1
AT,4,14,FIRST,false,-1
AT,4,14,BFS,false,-1
AT,4,14,RA,false,2500
AT,4,14,RA_ER,false,-1
AT,4,15,RANDOM,false,-1
AT,4,15,FIRST,false,-1
AT,4,15,BFS,false,-1
AT,4,15,RA,false,2500
AT,4,15,RA_ER,false,-1
AT,5,1,RANDOM,false,-1
AT,5,1,FIRST,false,-1
AT,5,1,BFS,false,-1
AT,5,1,RA,false,-1
AT,5,1,RA_ER,false,-1
AT,5,2,RANDOM,false,-1
AT,5,2,FIRST,false,-1
AT,5,2,BFS,false,-1
AT,5,2,RA,false,-1
AT,5,2,RA_ER,false,-1
AT,5,3,RANDOM,false,-1
AT,5,3,FIRST,false,-1
AT,5,3,BFS,false,-1
AT,5,3,RA,false,-1
AT,5,3,RA_ER,false,-1
AT,5,4,RANDOM,false,-1
AT,5,4,FIRST,false,-1
AT,5,4,BFS,false,-1
AT,5,4,RA,false,-1
AT,5,4,RA_ER,false,-1
AT,5,5,RANDOM,false,-1
AT,5,5,FIRST,false,-1
AT,5,5,BFS,false,-1
AT,5,5,RA,false,-1
AT,5,5,RA_ER,false,-1
AT,5,6,RANDOM,false,-1
AT,5,6,FIRST,false,-1
AT,5,6,BFS,false,-1
AT,5,6,RA,false,-1
AT,5,6,RA_ER,false,-1
AT,5,7,RANDOM,false,-1
AT,5,7,FIRST,false,-1
AT,5,7,BFS,false,-1
AT,5,7,RA,false,-1
AT,5,7,RA_ER,false,-1
AT,5,8,RANDOM,false,-1
AT,5,8,FIRST,false,-1
AT,5,8,BFS,false,-1
AT,5,8,RA,false,-1
AT,5,8,RA_ER,false,-1
AT,5,9,RANDOM,false,-1
AT,5,9,FIRST,false,-1
AT,5,9,BFS,false,-1
AT,5,9,RA,false,-1
AT,5,9,RA_ER,false,-1
AT,5,10,RANDOM,false,-1
AT,5,10,FIRST,false,-1
AT,5,10,BFS,false,-1
AT,5,10,RA,false,-1
AT,5,10,RA_ER,false,-1
AT,5,11,RANDOM,false,-1
AT,5,11,FIRST,false,-1
AT,5,11,BFS,false,-1
AT,5,11,RA,false,-1
AT,5,11,RA_ER,false,-1
AT,5,12,RANDOM,false,-1
AT,5,12,FIRST,false,-1
AT,5,12,BFS,false,-1
AT,5,12,RA,false,-1
AT,5,12,RA_ER,false,-1
AT,5,13,RANDOM,false,-1
AT,5,13,FIRST,false,-1
AT,5,13,BFS,false,-1
AT,5,13,RA,false,-1
AT,5,13,RA_ER,false,-1
AT,5,14,RANDOM,false,-1
AT,5,14,FIRST,false,-1
AT,5,14,BFS,false,-1
AT,5,14,RA,false,-1
AT,5,14,RA_ER,false,-1
AT,5,15,RANDOM,false,-1
AT,5,15,FIRST,false,-1
AT,5,15,BFS,false,-1
AT,5,15,RA,false,-1
AT,5,15,RA_ER,false,-1
AT,6,1,RANDOM,false,-1
AT,6,1,FIRST,false,-1
AT,6,1,BFS,false,-1
AT,6,1,RA,false,-1
AT,6,1,RA_ER,false,-1
AT,6,2,RANDOM,false,-1
AT,6,2,FIRST,false,-1
AT,6,2,BFS,false,-1
AT,6,2,RA,false,-1
AT,6,2,RA_ER,false,-1
AT,6,3,RANDOM,false,-1
AT,6,3,FIRST,false,-1
AT,6,3,BFS,false,-1
AT,6,3,RA,false,-1
AT,6,3,RA_ER,false,-1
AT,6,4,RANDOM,false,-1
AT,6,4,FIRST,false,-1
AT,6,4,BFS,false,-1
AT,6,4,RA,false,-1
AT,6,4,RA_ER,false,-1
AT,6,5,RANDOM,false,-1
AT,6,5,FIRST,false,-1
AT,6,5,BFS,false,-1
AT,6,5,RA,false,-1
AT,6,5,RA_ER,false,-1
AT,6,6,RANDOM,false,-1
AT,6,6,FIRST,false,-1
AT,6,6,BFS,false,-1
AT,6,6,RA,false,-1
AT,6,6,RA_ER,false,-1
AT,6,7,RANDOM,false,-1
AT,6,7,FIRST,false,-1
AT,6,7,BFS,false,-1
AT,6,7,RA,false,-1
AT,6,7,RA_ER,false,-1
AT,6,8,RANDOM,false,-1
AT,6,8,FIRST,false,-1
AT,6,8,BFS,false,-1
AT,6,8,RA,false,-1
AT,6,8,RA_ER,false,-1
AT,6,9,RANDOM,false,-1
AT,6,9,FIRST,false,-1
AT,6,9,BFS,false,-1
AT,6,9,RA,false,-1
AT,6,9,RA_ER,false,-1
AT,6,10,RANDOM,false,-1
AT,6,10,FIRST,false,-1
AT,6,10,BFS,false,-1
AT,6,10,RA,false,-1
AT,6,10,RA_ER,false,-1
AT,6,11,RANDOM,false,-1
AT,6,11,FIRST,false,-1
AT,6,11,BFS,false,-1
AT,6,11,RA,false,-1
AT,6,11,RA_ER,false,-1
AT,6,12,RANDOM,false,-1
AT,6,12,FIRST,false,-1
AT,6,12,BFS,false,-1
AT,6,12,RA,false,-1
AT,6,12,RA_ER,false,-1
AT,6,13,RANDOM,false,-1
AT,6,13,FIRST,false,-1
AT,6,13,BFS,false,-1
AT,6,13,RA,false,-1
AT,6,13,RA_ER,false,-1
AT,6,14,RANDOM,false,-1
AT,6,14,FIRST,false,-1
AT,6,14,BFS,false,-1
AT,6,14,RA,false,-1
AT,6,14,RA_ER,false,-1
AT,6,15,RANDOM,false,-1
AT,6,15,FIRST,false,-1
AT,6,15,BFS,false,-1
AT,6,15,RA,false,-1
AT,6,15,RA_ER,false,-1
AT,7,1,RANDOM,false,-1
AT,7,1,FIRST,false,-1
AT,7,1,BFS,false,-1
AT,7,1,RA,false,-1
AT,7,1,RA_ER,false,-1
AT,7,2,RANDOM,false,-1
AT,7,2,FIRST,false,-1
AT,7,2,BFS,false,-1
AT,7,2,RA,false,-1
AT,7,2,RA_ER,false,-1
AT,7,3,RANDOM,false,-1
AT,7,3,FIRST,false,-1
AT,7,3,BFS,false,-1
AT,7,3,RA,false,-1
AT,7,3,RA_ER,false,-1
AT,7,4,RANDOM,false,-1
AT,7,4,FIRST,false,-1
AT,7,4,BFS,false,-1
AT,7,4,RA,false,-1
AT,7,4,RA_ER,false,-1
AT,7,5,RANDOM,false,-1
AT,7,5,FIRST,false,-1
AT,7,5,BFS,false,-1
AT,7,5,RA,false,-1
AT,7,5,RA_ER,false,-1
AT,7,6,RANDOM,false,-1
AT,7,6,FIRST,false,-1
AT,7,6,BFS,false,-1
AT,7,6,RA,false,-1
AT,7,6,RA_ER,false,-1
AT,7,7,RANDOM,false,-1
AT,7,7,FIRST,false,-1
AT,7,7,BFS,false,-1
AT,7,7,RA,false,-1
AT,7,7,RA_ER,false,-1
AT,7,8,RANDOM,false,-1
AT,7,8,FIRST,false,-1
AT,7,8,BFS,false,-1
AT,7,8,RA,false,-1
AT,7,8,RA_ER,false,-1
AT,7,9,RANDOM,false,-1
AT,7,9,FIRST,false,-1
AT,7,9,BFS,false,-1
AT,7,9,RA,false,-1
AT,7,9,RA_ER,false,-1
AT,7,10,RANDOM,false,-1
AT,7,10,FIRST,false,-1
AT,7,10,BFS,false,-1
AT,7,10,RA,false,-1
AT,7,10,RA_ER,false,-1
AT,7,11,RANDOM,false,-1
AT,7,11,FIRST,false,-1
AT,7,11,BFS,false,-1
AT,7,11,RA,false,-1
AT,7,11,RA_ER,false,-1
AT,7,12,RANDOM,false,-1
AT,7,12,FIRST,false,-1
AT,7,12,BFS,false,-1
AT,7,12,RA,false,-1
AT,7,12,RA_ER,false,-1
AT,7,13,RANDOM,false,-1
AT,7,13,FIRST,false,-1
AT,7,13,BFS,false,-1
AT,7,13,RA,false,-1
AT,7,13,RA_ER,false,-1
AT,7,14,RANDOM,false,-1
AT,7,14,FIRST,false,-1
AT,7,14,BFS,false,-1
AT,7,14,RA,false,-1
AT,7,14,RA_ER,false,-1
AT,7,15,RANDOM,false,-1
AT,7,15,FIRST,false,-1
AT,7,15,BFS,false,-1
AT,7,15,RA,false,-1
AT,7,15,RA_ER,false,-1
AT,8,1,RANDOM,false,-1
AT,8,1,FIRST,false,-1
AT,8,1,BFS,false,-1
AT,8,1,RA,false,-1
AT,8,1,RA_ER,false,-1
AT,8,2,RANDOM,false,-1
AT,8,2,FIRST,false,-1
AT,8,2,BFS,false,-1
AT,8,2,RA,false,-1
AT,8,2,RA_ER,false,-1
AT,8,3,RANDOM,false,-1
AT,8,3,FIRST,false,-1
AT,8,3,BFS,false,-1
AT,8,3,RA,false,-1
AT,8,3,RA_ER,false,-1
AT,8,4,RANDOM,false,-1
AT,8,4,FIRST,false,-1
AT,8,4,BFS,false,-1
AT,8,4,RA,false,-1
AT,8,4,RA_ER,false,-1
AT,8,5,RANDOM,false,-1
AT,8,5,FIRST,false,-1
AT,8,5,BFS,false,-1
AT,8,5,RA,false,-1
AT,8,5,RA_ER,false,-1
AT,8,6,RANDOM,false,-1
AT,8,6,FIRST,false,-1
AT,8,6,BFS,false,-1
AT,8,6,RA,false,-1
AT,8,6,RA_ER,false,-1
AT,8,7,RANDOM,false,-1
AT,8,7,FIRST,false,-1
AT,8,7,BFS,false,-1
AT,8,7,RA,false,-1
AT,8,7,RA_ER,false,-1
AT,8,8,RANDOM,false,-1
AT,8,8,FIRST,false,-1
AT,8,8,BFS,false,-1
AT,8,8,RA,false,-1
AT,8,8,RA_ER,false,-1
AT,8,9,RANDOM,false,-1
AT,8,9,FIRST,false,-1
AT,8,9,BFS,false,-1
AT,8,9,RA,false,-1
AT,8,9,RA_ER,false,-1
AT,8,10,RANDOM,false,-1
AT,8,10,FIRST,false,-1
AT,8,10,BFS,false,-1
AT,8,10,RA,false,-1
AT,8,10,RA_ER,false,-1
AT,8,11,RANDOM,false,-1
AT,8,11,FIRST,false,-1
AT,8,11,BFS,false,-1
AT,8,11,RA,false,-1
AT,8,11,RA_ER,false,-1
AT,8,12,RANDOM,false,-1
AT,8,12,FIRST,false,-1
AT,8,12,BFS,false,-1
AT,8,12,RA,false,-1
AT,8,12,RA_ER,false,-1
AT,8,13,RANDOM,false,-1
AT,8,13,FIRST,false,-1
AT,8,13,BFS,false,-1
AT,8,13,RA,false,-1
AT,8,13,RA_ER,false,-1
AT,8,14,RANDOM,false,-1
AT,8,14,FIRST,false,-1
AT,8,14,BFS,false,-1
AT,8,14,RA,false,-1
AT,8,14,RA_ER,false,-1
AT,8,15,RANDOM,false,-1
AT,8,15,FIRST,false,-1
AT,8,15,BFS,false,-1
AT,8,15,RA,false,-1
AT,8,15,RA_ER,false,-1
AT,9,1,RANDOM,false,-1
AT,9,1,FIRST,false,-1
AT,9,1,BFS,false,-1
AT,9,1,RA,false,-1
AT,9,1,RA_ER,false,-1
AT,9,2,RANDOM,false,-1
AT,9,2,FIRST,false,-1
AT,9,2,BFS,false,-1
AT,9,2,RA,false,-1
AT,9,2,RA_ER,false,-1
AT,9,3,RANDOM,false,-1
AT,9,3,FIRST,false,-1
AT,9,3,BFS,false,-1
AT,9,3,RA,false,-1
AT,9,3,RA_ER,false,-1
AT,9,4,RANDOM,false,-1
AT,9,4,FIRST,false,-1
AT,9,4,BFS,false,-1
AT,9,4,RA,false,-1
AT,9,4,RA_ER,false,-1
AT,9,5,RANDOM,false,-1
AT,9,5,FIRST,false,-1
AT,9,5,BFS,false,-1
AT,9,5,RA,false,-1
AT,9,5,RA_ER,false,-1
AT,9,6,RANDOM,false,-1
AT,9,6,FIRST,false,-1
AT,9,6,BFS,false,-1
AT,9,6,RA,false,-1
AT,9,6,RA_ER,false,-1
AT,9,7,RANDOM,false,-1
AT,9,7,FIRST,false,-1
AT,9,7,BFS,false,-1
AT,9,7,RA,false,-1
AT,9,7,RA_ER,false,-1
AT,9,8,RANDOM,false,-1
AT,9,8,FIRST,false,-1
AT,9,8,BFS,false,-1
AT,9,8,RA,false,-1
AT,9,8,RA_ER,false,-1
AT,9,9,RANDOM,false,-1
AT,9,9,FIRST,false,-1
AT,9,9,BFS,false,-1
AT,9,9,RA,false,-1
AT,9,9,RA_ER,false,-1
AT,9,10,RANDOM,false,-1
AT,9,10,FIRST,false,-1
AT,9,10,BFS,false,-1
AT,9,10,RA,false,-1
AT,9,10,RA_ER,false,-1
AT,9,11,RANDOM,false,-1
AT,9,11,FIRST,false,-1
AT,9,11,BFS,false,-1
AT,9,11,RA,false,-1
AT,9,11,RA_ER,false,-1
AT,9,12,RANDOM,false,-1
AT,9,12,FIRST,false,-1
AT,9,12,BFS,false,-1
AT,9,12,RA,false,-1
AT,9,12,RA_ER,false,-1
AT,9,13,RANDOM,false,-1
AT,9,13,FIRST,false,-1
AT,9,13,BFS,false,-1
AT,9,13,RA,false,-1
AT,9,13,RA_ER,false,-1
AT,9,14,RANDOM,false,-1
AT,9,14,FIRST,false,-1
AT,9,14,BFS,false,-1
AT,9,14,RA,false,-1
AT,9,14,RA_ER,false,-1
AT,9,15,RANDOM,false,-1
AT,9,15,FIRST,false,-1
AT,9,15,BFS,false,-1
AT,9,15,RA,false,-1
AT,9,15,RA_ER,false,-1
AT,10,1,RANDOM,false,-1
AT,10,1,FIRST,false,-1
AT,10,1,BFS,false,-1
AT,10,1,RA,false,-1
AT,10,1,RA_ER,false,-1
AT,10,2,RANDOM,false,-1
AT,10,2,FIRST,false,-1
AT,10,2,BFS,false,-1
AT,10,2,RA,false,-1
AT,10,2,RA_ER,false,-1
AT,10,3,RANDOM,false,-1
AT,10,3,FIRST,false,-1
AT,10,3,BFS,false,-1
AT,10,3,RA,false,-1
AT,10,3,RA_ER,false,-1
AT,10,4,RANDOM,false,-1
AT,10,4,FIRST,false,-1
AT,10,4,BFS,false,-1
AT,10,4,RA,false,-1
AT,10,4,RA_ER,false,-1
AT,10,5,RANDOM,false,-1
AT,10,5,FIRST,false,-1
AT,10,5,BFS,false,-1
AT,10,5,RA,false,-1
AT,10,5,RA_ER,false,-1
AT,10,6,RANDOM,false,-1
AT,10,6,FIRST,false,-1
AT,10,6,BFS,false,-1
AT,10,6,RA,false,-1
AT,10,6,RA_ER,false,-1
AT,10,7,RANDOM,false,-1
AT,10,7,FIRST,false,-1
AT,10,7,BFS,false,-1
AT,10,7,RA,false,-1
AT,10,7,RA_ER,false,-1
AT,10,8,RANDOM,false,-1
AT,10,8,FIRST,false,-1
AT,10,8,BFS,false,-1
AT,10,8,RA,false,-1
AT,10,8,RA_ER,false,-1
AT,10,9,RANDOM,false,-1
AT,10,9,FIRST,false,-1
AT,10,9,BFS,false,-1
AT,10,9,RA,false,-1
AT,10,9,RA_ER,false,-1
AT,10,10,RANDOM,false,-1
AT,10,10,FIRST,false,-1
AT,10,10,BFS,false,-1
AT,10,10,RA,false,-1
AT,10,10,RA_ER,false,-1
AT,10,11,RANDOM,false,-1
AT,10,11,FIRST,false,-1
AT,10,11,BFS,false,-1
AT,10,11,RA,false,-1
AT,10,11,RA_ER,false,-1
AT,10,12,RANDOM,false,-1
AT,10,12,FIRST,false,-1
AT,10,12,BFS,false,-1
AT,10,12,RA,false,-1
AT,10,12,RA_ER,false,-1
AT,10,13,RANDOM,false,-1
AT,10,13,FIRST,false,-1
AT,10,13,BFS,false,-1
AT,10,13,RA,false,-1
AT,10,13,RA_ER,false,-1
AT,10,14,RANDOM,false,-1
AT,10,14,FIRST,false,-1
AT,10,14,BFS,false,-1
AT,10,14,RA,false,-1
AT,10,14,RA_ER,false,-1
AT,10,15,RANDOM,false,-1
AT,10,15,FIRST,false,-1
AT,10,15,BFS,false,-1
AT,10,15,RA,false,-1
AT,10,15,RA_ER,false,-1
AT,11,1,RANDOM,false,-1
AT,11,1,FIRST,false,-1
AT,11,1,BFS,false,-1
AT,11,1,RA,false,-1
AT,11,1,RA_ER,false,-1
AT,11,2,RANDOM,false,-1
AT,11,2,FIRST,false,-1
AT,11,2,BFS,false,-1
AT,11,2,RA,false,-1
AT,11,2,RA_ER,false,-1
AT,11,3,RANDOM,false,-1
AT,11,3,FIRST,false,-1
AT,11,3,BFS,false,-1
AT,11,3,RA,false,-1
AT,11,3,RA_ER,false,-1
AT,11,4,RANDOM,false,-1
AT,11,4,FIRST,false,-1
AT,11,4,BFS,false,-1
AT,11,4,RA,false,-1
AT,11,4,RA_ER,false,-1
AT,11,5,RANDOM,false,-1
AT,11,5,FIRST,false,-1
AT,11,5,BFS,false,-1
AT,11,5,RA,false,-1
AT,11,5,RA_ER,false,-1
AT,11,6,RANDOM,false,-1
AT,11,6,FIRST,false,-1
AT,11,6,BFS,false,-1
AT,11,6,RA,false,-1
AT,11,6,RA_ER,false,-1
AT,11,7,RANDOM,false,-1
AT,11,7,FIRST,false,-1
AT,11,7,BFS,false,-1
AT,11,7,RA,false,-1
AT,11,7,RA_ER,false,-1
AT,11,8,RANDOM,false,-1
AT,11,8,FIRST,false,-1
AT,11,8,BFS,false,-1
AT,11,8,RA,false,-1
AT,11,8,RA_ER,false,-1
AT,11,9,RANDOM,false,-1
AT,11,9,FIRST,false,-1
AT,11,9,BFS,false,-1
AT,11,9,RA,false,-1
AT,11,9,RA_ER,false,-1
AT,11,10,RANDOM,false,-1
AT,11,10,FIRST,false,-1
AT,11,10,BFS,false,-1
AT,11,10,RA,false,-1
AT,11,10,RA_ER,false,-1
AT,11,11,RANDOM,false,-1
AT,11,11,FIRST,false,-1
AT,11,11,BFS,false,-1
AT,11,11,RA,false,-1
AT,11,11,RA_ER,false,-1
AT,11,12,RANDOM,false,-1
AT,11,12,FIRST,false,-1
AT,11,12,BFS,false,-1
AT,11,12,RA,false,-1
AT,11,12,RA_ER,false,-1
AT,11,13,RANDOM,false,-1
AT,11,13,FIRST,false,-1
AT,11,13,BFS,false,-1
AT,11,13,RA,false,-1
AT,11,13,RA_ER,false,-1
AT,11,14,RANDOM,false,-1
AT,11,14,FIRST,false,-1
AT,11,14,BFS,false,-1
AT,11,14,RA,false,-1
AT,11,14,RA_ER,false,-1
AT,11,15,RANDOM,false,-1
AT,11,15,FIRST,false,-1
AT,11,15,BFS,false,-1
AT,11,15,RA,false,-1
AT,11,15,RA_ER,false,-1
AT,12,1,RANDOM,false,-1
AT,12,1,FIRST,false,-1
AT,12,1,BFS,false,-1
AT,12,1,RA,false,-1
AT,12,1,RA_ER,false,-1
AT,12,2,RANDOM,false,-1
AT,12,2,FIRST,false,-1
AT,12,2,BFS,false,-1
AT,12,2,RA,false,-1
AT,12,2,RA_ER,false,-1
AT,12,3,RANDOM,false,-1
AT,12,3,FIRST,false,-1
AT,12,3,BFS,false,-1
AT,12,3,RA,false,-1
AT,12,3,RA_ER,false,-1
AT,12,4,RANDOM,false,-1
AT,12,4,FIRST,false,-1
AT,12,4,BFS,false,-1
AT,12,4,RA,false,-1
AT,12,4,RA_ER,false,-1
AT,12,5,RANDOM,false,-1
AT,12,5,FIRST,false,-1
AT,12,5,BFS,false,-1
AT,12,5,RA,false,-1
AT,12,5,RA_ER,false,-1
AT,12,6,RANDOM,false,-1
AT,12,6,FIRST,false,-1
AT,12,6,BFS,false,-1
AT,12,6,RA,false,-1
AT,12,6,RA_ER,false,-1
AT,12,7,RANDOM,false,-1
AT,12,7,FIRST,false,-1
AT,12,7,BFS,false,-1
AT,12,7,RA,false,-1
AT,12,7,RA_ER,false,-1
AT,12,8,RANDOM,false,-1
AT,12,8,FIRST,false,-1
AT,12,8,BFS,false,-1
AT,12,8,RA,false,-1
AT,12,8,RA_ER,false,-1
AT,12,9,RANDOM,false,-1
AT,12,9,FIRST,false,-1
AT,12,9,BFS,false,-1
AT,12,9,RA,false,-1
AT,12,9,RA_ER,false,-1
AT,12,10,RANDOM,false,-1
AT,12,10,FIRST,false,-1
AT,12,10,BFS,false,-1
AT,12,10,RA,false,-1
AT,12,10,RA_ER,false,-1
AT,12,11,RANDOM,false,-1
AT,12,11,FIRST,false,-1
AT,12,11,BFS,false,-1
AT,12,11,RA,false,-1
AT,12,11,RA_ER,false,-1
AT,12,12,RANDOM,false,-1
AT,12,12,FIRST,false,-1
AT,12,12,BFS,false,-1
AT,12,12,RA,false,-1
AT,12,12,RA_ER,false,-1
AT,12,13,RANDOM,false,-1
AT,12,13,FIRST,false,-1
AT,12,13,BFS,false,-1
AT,12,13,RA,false,-1
AT,12,13,RA_ER,false,-1
AT,12,14,RANDOM,false,-1
AT,12,14,FIRST,false,-1
AT,12,14,BFS,false,-1
AT,12,14,RA,false,-1
AT,12,14,RA_ER,false,-1
AT,12,15,RANDOM,false,-1
AT,12,15,FIRST,false,-1
AT,12,15,BFS,false,-1
AT,12,15,RA,false,-1
AT,12,15,RA_ER,false,-1
AT,13,1,RANDOM,false,-1
AT,13,1,FIRST,false,-1
AT,13,1,BFS,false,-1
AT,13,1,RA,false,-1
AT,13,1,RA_ER,false,-1
AT,13,2,RANDOM,false,-1
AT,13,2,FIRST,false,-1
AT,13,2,BFS,false,-1
AT,13,2,RA,false,-1
AT,13,2,RA_ER,false,-1
AT,13,3,RANDOM,false,-1
AT,13,3,FIRST,false,-1
AT,13,3,BFS,false,-1
AT,13,3,RA,false,-1
AT,13,3,RA_ER,false,-1
AT,13,4,RANDOM,false,-1
AT,13,4,FIRST,false,-1
AT,13,4,BFS,false,-1
AT,13,4,RA,false,-1
AT,13,4,RA_ER,false,-1
AT,13,5,RANDOM,false,-1
AT,13,5,FIRST,false,-1
AT,13,5,BFS,false,-1
AT,13,5,RA,false,-1
AT,13,5,RA_ER,false,-1
AT,13,6,RANDOM,false,-1
AT,13,6,FIRST,false,-1
AT,13,6,BFS,false,-1
AT,13,6,RA,false,-1
AT,13,6,RA_ER,false,-1
AT,13,7,RANDOM,false,-1
AT,13,7,FIRST,false,-1
AT,13,7,BFS,false,-1
AT,13,7,RA,false,-1
AT,13,7,RA_ER,false,-1
AT,13,8,RANDOM,false,-1
AT,13,8,FIRST,false,-1
AT,13,8,BFS,false,-1
AT,13,8,RA,false,-1
AT,13,8,RA_ER,false,-1
AT,13,9,RANDOM,false,-1
AT,13,9,FIRST,false,-1
AT,13,9,BFS,false,-1
AT,13,9,RA,false,-1
AT,13,9,RA_ER,false,-1
AT,13,10,RANDOM,false,-1
AT,13,10,FIRST,false,-1
AT,13,10,BFS,false,-1
AT,13,10,RA,false,-1
AT,13,10,RA_ER,false,-1
AT,13,11,RANDOM,false,-1
AT,13,11,FIRST,false,-1
AT,13,11,BFS,false,-1
AT,13,11,RA,false,-1
AT,13,11,RA_ER,false,-1
AT,13,12,RANDOM,false,-1
AT,13,12,FIRST,false,-1
AT,13,12,BFS,false,-1
AT,13,12,RA,false,-1
AT,13,12,RA_ER,false,-1
AT,13,13,RANDOM,false,-1
AT,13,13,FIRST,false,-1
AT,13,13,BFS,false,-1
AT,13,13,RA,false,-1
AT,13,13,RA_ER,false,-1
AT,13,14,RANDOM,false,-1
AT,13,14,FIRST,false,-1
AT,13,14,BFS,false,-1
AT,13,14,RA,false,-1
AT,13,14,RA_ER,false,-1
AT,13,15,RANDOM,false,-1
AT,13,15,FIRST,false,-1
AT,13,15,BFS,false,-1
AT,13,15,RA,false,-1
AT,13,15,RA_ER,false,-1
AT,14,1,RANDOM,false,-1
AT,14,1,FIRST,false,-1
AT,14,1,BFS,false,-1
AT,14,1,RA,false,-1
AT,14,1,RA_ER,false,-1
AT,14,2,RANDOM,false,-1
AT,14,2,FIRST,false,-1
AT,14,2,BFS,false,-1
AT,14,2,RA,false,-1
AT,14,2,RA_ER,false,-1
AT,14,3,RANDOM,false,-1
AT,14,3,FIRST,false,-1
AT,14,3,BFS,false,-1
AT,14,3,RA,false,-1
AT,14,3,RA_ER,false,-1
AT,14,4,RANDOM,false,-1
AT,14,4,FIRST,false,-1
AT,14,4,BFS,false,-1
AT,14,4,RA,false,-1
AT,14,4,RA_ER,false,-1
AT,14,5,RANDOM,false,-1
AT,14,5,FIRST,false,-1
AT,14,5,BFS,false,-1
AT,14,5,RA,false,-1
AT,14,5,RA_ER,false,-1
AT,14,6,RANDOM,false,-1
AT,14,6,FIRST,false,-1
AT,14,6,BFS,false,-1
AT,14,6,RA,false,-1
AT,14,6,RA_ER,false,-1
AT,14,7,RANDOM,false,-1
AT,14,7,FIRST,false,-1
AT,14,7,BFS,false,-1
AT,14,7,RA,false,-1
AT,14,7,RA_ER,false,-1
AT,14,8,RANDOM,false,-1
AT,14,8,FIRST,false,-1
AT,14,8,BFS,false,-1
AT,14,8,RA,false,-1
AT,14,8,RA_ER,false,-1
AT,14,9,RANDOM,false,-1
AT,14,9,FIRST,false,-1
AT,14,9,BFS,false,-1
AT,14,9,RA,false,-1
AT,14,9,RA_ER,false,-1
AT,14,10,RANDOM,false,-1
AT,14,10,FIRST,false,-1
AT,14,10,BFS,false,-1
AT,14,10,RA,false,-1
AT,14,10,RA_ER,false,-1
AT,14,11,RANDOM,false,-1
AT,14,11,FIRST,false,-1
AT,14,11,BFS,false,-1
AT,14,11,RA,false,-1
AT,14,11,RA_ER,false,-1
AT,14,12,RANDOM,false,-1
AT,14,12,FIRST,false,-1
AT,14,12,BFS,false,-1
AT,14,12,RA,false,-1
AT,14,12,RA_ER,false,-1
AT,14,13,RANDOM,false,-1
AT,14,13,FIRST,false,-1
AT,14,13,BFS,false,-1
AT,14,13,RA,false,-1
AT,14,13,RA_ER,false,-1
AT,14,14,RANDOM,false,-1
AT,14,14,FIRST,false,-1
AT,14,14,BFS,false,-1
AT,14,14,RA,false,-1
AT,14,14,RA_ER,false,-1
AT,14,15,RANDOM,false,-1
AT,14,15,FIRST,false,-1
AT,14,15,BFS,false,-1
AT,14,15,RA,false,-1
AT,14,15,RA_ER,false,-1
AT,15,1,RANDOM,false,-1
AT,15,1,FIRST,false,-1
AT,15,1,BFS,false,-1
AT,15,1,RA,false,-1
AT,15,1,RA_ER,false,-1
AT,15,2,RANDOM,false,-1
AT,15,2,FIRST,false,-1
AT,15,2,BFS,false,-1
AT,15,2,RA,false,-1
AT,15,2,RA_ER,false,-1
AT,15,3,RANDOM,false,-1
AT,15,3,FIRST,false,-1
AT,15,3,BFS,false,-1
AT,15,3,RA,false,-1
AT,15,3,RA_ER,false,-1
AT,15,4,RANDOM,false,-1
AT,15,4,FIRST,false,-1
AT,15,4,BFS,false,-1
AT,15,4,RA,false,-1
AT,15,4,RA_ER,false,-1
AT,15,5,RANDOM,false,-1
AT,15,5,FIRST,false,-1
AT,15,5,BFS,false,-1
AT,15,5,RA,false,-1
AT,15,5,RA_ER,false,-1
AT,15,6,RANDOM,false,-1
AT,15,6,FIRST,false,-1
AT,15,6,BFS,false,-1
AT,15,6,RA,false,-1
AT,15,6,RA_ER,false,-1
AT,15,7,RANDOM,false,-1
AT,15,7,FIRST,false,-1
AT,15,7,BFS,false,-1
AT,15,7,RA,false,-1
AT,15,7,RA_ER,false,-1
AT,15,8,RANDOM,false,-1
AT,15,8,FIRST,false,-1
AT,15,8,BFS,false,-1
AT,15,8,RA,false,-1
AT,15,8,RA_ER,false,-1
AT,15,9,RANDOM,false,-1
AT,15,9,FIRST,false,-1
AT,15,9,BFS,false,-1
AT,15,9,RA,false,-1
AT,15,9,RA_ER,false,-1
AT,15,10,RANDOM,false,-1
AT,15,10,FIRST,false,-1
AT,15,10,BFS,false,-1
AT,15,10,RA,false,-1
AT,15,10,RA_ER,false,-1
AT,15,11,RANDOM,false,-1
AT,15,11,FIRST,false,-1
AT,15,11,BFS,false,-1
AT,15,11,RA,false,-1
AT,15,11,RA_ER,false,-1
AT,15,12,RANDOM,false,-1
AT,15,12,FIRST,false,-1
AT,15,12,BFS,false,-1
AT,15,12,RA,false,-1
AT,15,12,RA_ER,false,-1
AT,15,13,RANDOM,false,-1
AT,15,13,FIRST,false,-1
AT,15,13,BFS,false,-1
AT,15,13,RA,false,-1
AT,15,13,RA_ER,false,-1
AT,15,14,RANDOM,false,-1
AT,15,14,FIRST,false,-1
AT,15,14,BFS,false,-1
AT,15,14,RA,false,-1
AT,15,14,RA_ER,false,-1
AT,15,15,RANDOM,false,-1
AT,15,15,FIRST,false,-1
AT,15,15,BFS,false,-1
AT,15,15,RA,false,-1
AT,15,15,RA_ER,false,-1
BW,1,1,RANDOM,true,9
BW,1,1,FIRST,true,9
BW,1,1,BFS,true,9
BW,1,1,RA,true,5
BW,1,1,RA_ER,true,11
BW,1,2,RANDOM,true,10
BW,1,2,FIRST,true,10
BW,1,2,BFS,true,10
BW,1,2,RA,true,5
BW,1,2,RA_ER,true,6
BW,1,3,RANDOM,true,9
BW,1,3,FIRST,true,10
BW,1,3,BFS,true,10
BW,1,3,RA,true,5
BW,1,3,RA_ER,true,5
BW,1,4,RANDOM,true,9
BW,1,4,FIRST,true,10
BW,1,4,BFS,true,10
BW,1,4,RA,true,5
BW,1,4,RA_ER,true,5
BW,1,5,RANDOM,true,11
BW,1,5,FIRST,true,10
BW,1,5,BFS,true,10
BW,1,5,RA,true,5
BW,1,5,RA_ER,true,5
BW,1,6,RANDOM,true,11
BW,1,6,FIRST,true,10
BW,1,6,BFS,true,10
BW,1,6,RA,true,5
BW,1,6,RA_ER,true,5
BW,1,7,RANDOM,true,11
BW,1,7,FIRST,true,10
BW,1,7,BFS,true,10
BW,1,7,RA,true,5
BW,1,7,RA_ER,true,5
BW,1,8,RANDOM,true,11
BW,1,8,FIRST,true,10
BW,1,8,BFS,true,10
BW,1,8,RA,true,5
BW,1,8,RA_ER,true,5
BW,1,9,RANDOM,true,8
BW,1,9,FIRST,true,10
BW,1,9,BFS,true,10
BW,1,9,RA,true,5
BW,1,9,RA_ER,true,5
BW,1,10,RANDOM,true,9
BW,1,10,FIRST,true,10
BW,1,10,BFS,true,10
BW,1,10,RA,true,5
BW,1,10,RA_ER,true,5
BW,1,11,RANDOM,true,12
BW,1,11,FIRST,true,10
BW,1,11,BFS,true,10
BW,1,11,RA,true,5
BW,1,11,RA_ER,true,5
BW,1,12,RANDOM,true,10
BW,1,12,FIRST,true,10
BW,1,12,BFS,true,10
BW,1,12,RA,true,5
BW,1,12,RA_ER,true,5
BW,1,13,RANDOM,true,10
BW,1,13,FIRST,true,10
BW,1,13,BFS,true,10
BW,1,13,RA,true,5
BW,1,13,RA_ER,true,5
BW,1,14,RANDOM,true,10
BW,1,14,FIRST,true,10
BW,1,14,BFS,true,10
BW,1,14,RA,true,5
BW,1,14,RA_ER,true,5
BW,1,15,RANDOM,true,10
BW,1,15,FIRST,true,10
BW,1,15,BFS,true,10
BW,1,15,RA,true,5
BW,1,15,RA_ER,true,5
BW,2,1,RANDOM,true,58
BW,2,1,FIRST,true,55
BW,2,1,BFS,true,55
BW,2,1,RA,true,26
BW,2,1,RA_ER,true,46
BW,2,2,RANDOM,true,98
BW,2,2,FIRST,true,104
BW,2,2,BFS,true,104
BW,2,2,RA,true,64
BW,2,2,RA_ER,true,90
BW,2,3,RANDOM,true,173
BW,2,3,FIRST,true,170
BW,2,3,BFS,true,170
BW,2,3,RA,true,123
BW,2,3,RA_ER,true,149
BW,2,4,RANDOM,true,299
BW,2,4,FIRST,true,250
BW,2,4,BFS,true,250
BW,2,4,RA,true,202
BW,2,4,RA_ER,true,222
BW,2,5,RANDOM,true,346
BW,2,5,FIRST,true,344
BW,2,5,BFS,true,344
BW,2,5,RA,true,301
BW,2,5,RA_ER,true,309
BW,2,6,RANDOM,true,510
BW,2,6,FIRST,true,452
BW,2,6,BFS,true,452
BW,2,6,RA,true,420
BW,2,6,RA_ER,true,410
BW,2,7,RANDOM,true,698
BW,2,7,FIRST,true,574
BW,2,7,BFS,true,574
BW,2,7,RA,true,559
BW,2,7,RA_ER,true,525
BW,2,8,RANDOM,true,895
BW,2,8,FIRST,true,710
BW,2,8,BFS,true,710
BW,2,8,RA,true,718
BW,2,8,RA_ER,true,654
BW,2,9,RANDOM,true,1095
BW,2,9,FIRST,true,860
BW,2,9,BFS,true,860
BW,2,9,RA,true,897
BW,2,9,RA_ER,true,797
BW,2,10,RANDOM,true,1313
BW,2,10,FIRST,true,1024
BW,2,10,BFS,true,1024
BW,2,10,RA,true,1096
BW,2,10,RA_ER,true,954
BW,2,11,RANDOM,true,1535
BW,2,11,FIRST,true,1202
BW,2,11,BFS,true,1202
BW,2,11,RA,true,1315
BW,2,11,RA_ER,true,1125
BW,2,12,RANDOM,true,1390
BW,2,12,FIRST,true,1394
BW,2,12,BFS,true,1394
BW,2,12,RA,true,1554
BW,2,12,RA_ER,true,1310
BW,2,13,RANDOM,true,2381
BW,2,13,FIRST,true,1600
BW,2,13,BFS,true,1600
BW,2,13,RA,true,1813
BW,2,13,RA_ER,true,1509
BW,2,14,RANDOM,true,2231
BW,2,14,FIRST,true,1820
BW,2,14,BFS,true,1820
BW,2,14,RA,true,2092
BW,2,14,RA_ER,true,1722
BW,2,15,RANDOM,true,2486
BW,2,15,FIRST,true,2054
BW,2,15,BFS,true,2054
BW,2,15,RA,true,2391
BW,2,15,RA_ER,true,1949
BW,3,1,RANDOM,true,251
BW,3,1,FIRST,true,290
BW,3,1,BFS,true,290
BW,3,1,RA,true,119
BW,3,1,RA_ER,true,174
BW,3,2,RANDOM,true,684
BW,3,2,FIRST,true,776
BW,3,2,BFS,true,776
BW,3,2,RA,true,518
BW,3,2,RA_ER,true,483
BW,3,3,RANDOM,true,1421
BW,3,3,FIRST,true,1479
BW,3,3,BFS,true,1479
BW,3,3,RA,true,1362
BW,3,3,RA_ER,true,1021
BW,3,4,RANDOM,true,2043
BW,3,4,FIRST,true,2443
BW,3,4,BFS,true,2443
BW,3,4,RA,false,2500
BW,3,4,RA_ER,true,1847
BW,3,5,RANDOM,false,2500
BW,3,5,FIRST,false,2500
BW,3,5,BFS,false,2500
BW,3,5,RA,false,2500
BW,3,5,RA_ER,false,2500
BW,3,6,RANDOM,false,2500
BW,3,6,FIRST,false,2500
BW,3,6,BFS,false,2500
BW,3,6,RA,false,2500
BW,3,6,RA_ER,false,2500
BW,3,7,RANDOM,false,2500
BW,3,7,FIRST,false,2500
BW,3,7,BFS,false,2500
BW,3,7,RA,false,2500
BW,3,7,RA_ER,false,2500
BW,3,8,RANDOM,false,2500
BW,3,8,FIRST,false,2500
BW,3,8,BFS,false,2500
BW,3,8,RA,false,2500
BW,3,8,RA_ER,false,2500
BW,3,9,RANDOM,false,2500
BW,3,9,FIRST,false,2500
BW,3,9,BFS,false,2500
BW,3,9,RA,false,2500
BW,3,9,RA_ER,false,2500
BW,3,10,RANDOM,false,2500
BW,3,10,FIRST,false,2500
BW,3,10,BFS,false,2500
BW,3,10,RA,false,2500
BW,3,10,RA_ER,false,2500
BW,3,11,RANDOM,false,2500
BW,3,11,FIRST,false,2500
BW,3,11,BFS,false,2500
BW,3,11,RA,false,2500
BW,3,11,RA_ER,false,2500
BW,3,12,RANDOM,false,2500
BW,3,12,FIRST,false,2500
BW,3,12,BFS,false,2500
BW,3,12,RA,false,2500
BW,3,12,RA_ER,false,2500
BW,3,13,RANDOM,false,2500
BW,3,13,FIRST,false,2500
BW,3,13,BFS,false,2500
BW,3,13,RA,false,2500
BW,3,13,RA_ER,false,2500
BW,3,14,RANDOM,false,2500
BW,3,14,FIRST,false,2500
BW,3,14,BFS,false,2500
BW,3,14,RA,false,2500
BW,3,14,RA_ER,false,2500
BW,3,15,RANDOM,false,2500
BW,3,15,FIRST,false,2500
BW,3,15,BFS,false,2500
BW,3,15,RA,false,2500
BW,3,15,RA_ER,false,2500
BW,4,1,RANDOM,false,-1
BW,4,1,FIRST,false,-1
BW,4,1,BFS,false,-1
BW,4,1,RA,false,-1
BW,4,1,RA_ER,false,-1
BW,4,2,RANDOM,false,-1
BW,4,2,FIRST,false,-1
BW,4,2,BFS,false,-1
BW,4,2,RA,false,-1
BW,4,2,RA_ER,false,-1
BW,4,3,RANDOM,false,-1
BW,4,3,FIRST,false,-1
BW,4,3,BFS,false,-1
BW,4,3,RA,false,-1
BW,4,3,RA_ER,false,-1
BW,4,4,RANDOM,false,-1
BW,4,4,FIRST,false,-1
BW,4,4,BFS,false,-1
BW,4,4,RA,false,-1
BW,4,4,RA_ER,false,-1
BW,4,5,RANDOM,false,-1
BW,4,5,FIRST,false,-1
BW,4,5,BFS,false,-1
BW,4,5,RA,false,-1
BW,4,5,RA_ER,false,-1
BW,4,6,RANDOM,false,-1
BW,4,6,FIRST,false,-1
BW,4,6,BFS,false,-1
BW,4,6,RA,false,-1
BW,4,6,RA_ER,false,-1
BW,4,7,RANDOM,false,-1
BW,4,7,FIRST,false,-1
BW,4,7,BFS,false,-1
BW,4,7,RA,false,-1
BW,4,7,RA_ER,false,-1
BW,4,8,RANDOM,false,-1
BW,4,8,FIRST,false,-1
BW,4,8,BFS,false,-1
BW,4,8,RA,false,-1
BW,4,8,RA_ER,false,-1
BW,4,9,RANDOM,false,-1
BW,4,9,FIRST,false,-1
BW,4,9,BFS,false,-1
BW,4,9,RA,false,-1
BW,4,9,RA_ER,false,-1
BW,4,10,RANDOM,false,-1
BW,4,10,FIRST,false,-1
BW,4,10,BFS,false,-1
BW,4,10,RA,false,-1
BW,4,10,RA_ER,false,-1
BW,4,11,RANDOM,false,-1
BW,4,11,FIRST,false,-1
BW,4,11,BFS,false,-1
BW,4,11,RA,false,-1
BW,4,11,RA_ER,false,-1
BW,4,12,RANDOM,false,-1
BW,4,12,FIRST,false,-1
BW,4,12,BFS,false,-1
BW,4,12,RA,false,-1
BW,4,12,RA_ER,false,-1
BW,4,13,RANDOM,false,-1
BW,4,13,FIRST,false,-1
BW,4,13,BFS,false,-1
BW,4,13,RA,false,-1
BW,4,13,RA_ER,false,-1
BW,4,14,RANDOM,false,-1
BW,4,14,FIRST,false,-1
BW,4,14,BFS,false,-1
BW,4,14,RA,false,-1
BW,4,14,RA_ER,false,-1
BW,4,15,RANDOM,false,-1
BW,4,15,FIRST,false,-1
BW,4,15,BFS,false,-1
BW,4,15,RA,false,-1
BW,4,15,RA_ER,false,-1
BW,5,1,RANDOM,false,-1
BW,5,1,FIRST,false,-1
BW,5,1,BFS,false,-1
BW,5,1,RA,false,-1
BW,5,1,RA_ER,false,-1
BW,5,2,RANDOM,false,-1
BW,5,2,FIRST,false,-1
BW,5,2,BFS,false,-1
BW,5,2,RA,false,-1
BW,5,2,RA_ER,false,-1
BW,5,3,RANDOM,false,-1
BW,5,3,FIRST,false,-1
BW,5,3,BFS,false,-1
BW,5,3,RA,false,-1
BW,5,3,RA_ER,false,-1
BW,5,4,RANDOM,false,-1
BW,5,4,FIRST,false,-1
BW,5,4,BFS,false,-1
BW,5,4,RA,false,-1
BW,5,4,RA_ER,false,-1
BW,5,5,RANDOM,false,-1
BW,5,5,FIRST,false,-1
BW,5,5,BFS,false,-1
BW,5,5,RA,false,-1
BW,5,5,RA_ER,false,-1
BW,5,6,RANDOM,false,-1
BW,5,6,FIRST,false,-1
BW,5,6,BFS,false,-1
BW,5,6,RA,false,-1
BW,5,6,RA_ER,false,-1
BW,5,7,RANDOM,false,-1
BW,5,7,FIRST,false,-1
BW,5,7,BFS,false,-1
BW,5,7,RA,false,-1
BW,5,7,RA_ER,false,-1
BW,5,8,RANDOM,false,-1
BW,5,8,FIRST,false,-1
BW,5,8,BFS,false,-1
BW,5,8,RA,false,-1
BW,5,8,RA_ER,false,-1
BW,5,9,RANDOM,false,-1
BW,5,9,FIRST,false,-1
BW,5,9,BFS,false,-1
BW,5,9,RA,false,-1
BW,5,9,RA_ER,false,-1
BW,5,10,RANDOM,false,-1
BW,5,10,FIRST,false,-1
BW,5,10,BFS,false,-1
BW,5,10,RA,false,-1
BW,5,10,RA_ER,false,-1
BW,5,11,RANDOM,false,-1
BW,5,11,FIRST,false,-1
BW,5,11,BFS,false,-1
BW,5,11,RA,false,-1
BW,5,11,RA_ER,false,-1
BW,5,12,RANDOM,false,-1
BW,5,12,FIRST,false,-1
BW,5,12,BFS,false,-1
BW,5,12,RA,false,-1
BW,5,12,RA_ER,false,-1
BW,5,13,RANDOM,false,-1
BW,5,13,FIRST,false,-1
BW,5,13,BFS,false,-1
BW,5,13,RA,false,-1
BW,5,13,RA_ER,false,-1
BW,5,14,RANDOM,false,-1
BW,5,14,FIRST,false,-1
BW,5,14,BFS,false,-1
BW,5,14,RA,false,-1
BW,5,14,RA_ER,false,-1
BW,5,15,RANDOM,false,-1
BW,5,15,FIRST,false,-1
BW,5,15,BFS,false,-1
BW,5,15,RA,false,-1
BW,5,15,RA_ER,false,-1
BW,6,1,RANDOM,false,-1
BW,6,1,FIRST,false,-1
BW,6,1,BFS,false,-1
BW,6,1,RA,false,-1
BW,6,1,RA_ER,false,-1
BW,6,2,RANDOM,false,-1
BW,6,2,FIRST,false,-1
BW,6,2,BFS,false,-1
BW,6,2,RA,false,-1
BW,6,2,RA_ER,false,-1
BW,6,3,RANDOM,false,-1
BW,6,3,FIRST,false,-1
BW,6,3,BFS,false,-1
BW,6,3,RA,false,-1
BW,6,3,RA_ER,false,-1
BW,6,4,RANDOM,false,-1
BW,6,4,FIRST,false,-1
BW,6,4,BFS,false,-1
BW,6,4,RA,false,-1
BW,6,4,RA_ER,false,-1
BW,6,5,RANDOM,false,-1
BW,6,5,FIRST,false,-1
BW,6,5,BFS,false,-1
BW,6,5,RA,false,-1
BW,6,5,RA_ER,false,-1
BW,6,6,RANDOM,false,-1
BW,6,6,FIRST,false,-1
BW,6,6,BFS,false,-1
BW,6,6,RA,false,-1
BW,6,6,RA_ER,false,-1
BW,6,7,RANDOM,false,-1
BW,6,7,FIRST,false,-1
BW,6,7,BFS,false,-1
BW,6,7,RA,false,-1
BW,6,7,RA_ER,false,-1
BW,6,8,RANDOM,false,-1
BW,6,8,FIRST,false,-1
BW,6,8,BFS,false,-1
BW,6,8,RA,false,-1
BW,6,8,RA_ER,false,-1
BW,6,9,RANDOM,false,-1
BW,6,9,FIRST,false,-1
BW,6,9,BFS,false,-1
BW,6,9,RA,false,-1
BW,6,9,RA_ER,false,-1
BW,6,10,RANDOM,false,-1
BW,6,10,FIRST,false,-1
BW,6,10,BFS,false,-1
BW,6,10,RA,false,-1
BW,6,10,RA_ER,false,-1
BW,6,11,RANDOM,false,-1
BW,6,11,FIRST,false,-1
BW,6,11,BFS,false,-1
BW,6,11,RA,false,-1
BW,6,11,RA_ER,false,-1
BW,6,12,RANDOM,false,-1
BW,6,12,FIRST,false,-1
BW,6,12,BFS,false,-1
BW,6,12,RA,false,-1
BW,6,12,RA_ER,false,-1
BW,6,13,RANDOM,false,-1
BW,6,13,FIRST,false,-1
BW,6,13,BFS,false,-1
BW,6,13,RA,false,-1
BW,6,13,RA_ER,false,-1
BW,6,14,RANDOM,false,-1
BW,6,14,FIRST,false,-1
BW,6,14,BFS,false,-1
BW,6,14,RA,false,-1
BW,6,14,RA_ER,false,-1
BW,6,15,RANDOM,false,-1
BW,6,15,FIRST,false,-1
BW,6,15,BFS,false,-1
BW,6,15,RA,false,-1
BW,6,15,RA_ER,false,-1
BW,7,1,RANDOM,false,-1
BW,7,1,FIRST,false,-1
BW,7,1,BFS,false,-1
BW,7,1,RA,false,-1
BW,7,1,RA_ER,false,-1
BW,7,2,RANDOM,false,-1
BW,7,2,FIRST,false,-1
BW,7,2,BFS,false,-1
BW,7,2,RA,false,-1
BW,7,2,RA_ER,false,-1
BW,7,3,RANDOM,false,-1
BW,7,3,FIRST,false,-1
BW,7,3,BFS,false,-1
BW,7,3,RA,false,-1
BW,7,3,RA_ER,false,-1
BW,7,4,RANDOM,false,-1
BW,7,4,FIRST,false,-1
BW,7,4,BFS,false,-1
BW,7,4,RA,false,-1
BW,7,4,RA_ER,false,-1
BW,7,5,RANDOM,false,-1
BW,7,5,FIRST,false,-1
BW,7,5,BFS,false,-1
BW,7,5,RA,false,-1
BW,7,5,RA_ER,false,-1
BW,7,6,RANDOM,false,-1
BW,7,6,FIRST,false,-1
BW,7,6,BFS,false,-1
BW,7,6,RA,false,-1
BW,7,6,RA_ER,false,-1
BW,7,7,RANDOM,false,-1
BW,7,7,FIRST,false,-1
BW,7,7,BFS,false,-1
BW,7,7,RA,false,-1
BW,7,7,RA_ER,false,-1
BW,7,8,RANDOM,false,-1
BW,7,8,FIRST,false,-1
BW,7,8,BFS,false,-1
BW,7,8,RA,false,-1
BW,7,8,RA_ER,false,-1
BW,7,9,RANDOM,false,-1
BW,7,9,FIRST,false,-1
BW,7,9,BFS,false,-1
BW,7,9,RA,false,-1
BW,7,9,RA_ER,false,-1
BW,7,10,RANDOM,false,-1
BW,7,10,FIRST,false,-1
BW,7,10,BFS,false,-1
BW,7,10,RA,false,-1
BW,7,10,RA_ER,false,-1
BW,7,11,RANDOM,false,-1
BW,7,11,FIRST,false,-1
BW,7,11,BFS,false,-1
BW,7,11,RA,false,-1
BW,7,11,RA_ER,false,-1
BW,7,12,RANDOM,false,-1
BW,7,12,FIRST,false,-1
BW,7,12,BFS,false,-1
BW,7,12,RA,false,-1
BW,7,12,RA_ER,false,-1
BW,7,13,RANDOM,false,-1
BW,7,13,FIRST,false,-1
BW,7,13,BFS,false,-1
BW,7,13,RA,false,-1
BW,7,13,RA_ER,false,-1
BW,7,14,RANDOM,false,-1
BW,7,14,FIRST,false,-1
BW,7,14,BFS,false,-1
BW,7,14,RA,false,-1
BW,7,14,RA_ER,false,-1
BW,7,15,RANDOM,false,-1
BW,7,15,FIRST,false,-1
BW,7,15,BFS,false,-1
BW,7,15,RA,false,-1
BW,7,15,RA_ER,false,-1
BW,8,1,RANDOM,false,-1
BW,8,1,FIRST,false,-1
BW,8,1,BFS,false,-1
BW,8,1,RA,false,-1
BW,8,1,RA_ER,false,-1
BW,8,2,RANDOM,false,-1
BW,8,2,FIRST,false,-1
BW,8,2,BFS,false,-1
BW,8,2,RA,false,-1
BW,8,2,RA_ER,false,-1
BW,8,3,RANDOM,false,-1
BW,8,3,FIRST,false,-1
BW,8,3,BFS,false,-1
BW,8,3,RA,false,-1
BW,8,3,RA_ER,false,-1
BW,8,4,RANDOM,false,-1
BW,8,4,FIRST,false,-1
BW,8,4,BFS,false,-1
BW,8,4,RA,false,-1
BW,8,4,RA_ER,false,-1
BW,8,5,RANDOM,false,-1
BW,8,5,FIRST,false,-1
BW,8,5,BFS,false,-1
BW,8,5,RA,false,-1
BW,8,5,RA_ER,false,-1
BW,8,6,RANDOM,false,-1
BW,8,6,FIRST,false,-1
BW,8,6,BFS,false,-1
BW,8,6,RA,false,-1
BW,8,6,RA_ER,false,-1
BW,8,7,RANDOM,false,-1
BW,8,7,FIRST,false,-1
BW,8,7,BFS,false,-1
BW,8,7,RA,false,-1
BW,8,7,RA_ER,false,-1
BW,8,8,RANDOM,false,-1
BW,8,8,FIRST,false,-1
BW,8,8,BFS,false,-1
BW,8,8,RA,false,-1
BW,8,8,RA_ER,false,-1
BW,8,9,RANDOM,false,-1
BW,8,9,FIRST,false,-1
BW,8,9,BFS,false,-1
BW,8,9,RA,false,-1
BW,8,9,RA_ER,false,-1
BW,8,10,RANDOM,false,-1
BW,8,10,FIRST,false,-1
BW,8,10,BFS,false,-1
BW,8,10,RA,false,-1
BW,8,10,RA_ER,false,-1
BW,8,11,RANDOM,false,-1
BW,8,11,FIRST,false,-1
BW,8,11,BFS,false,-1
BW,8,11,RA,false,-1
BW,8,11,RA_ER,false,-1
BW,8,12,RANDOM,false,-1
BW,8,12,FIRST,false,-1
BW,8,12,BFS,false,-1
BW,8,12,RA,false,-1
BW,8,12,RA_ER,false,-1
BW,8,13,RANDOM,false,-1
BW,8,13,FIRST,false,-1
BW,8,13,BFS,false,-1
BW,8,13,RA,false,-1
BW,8,13,RA_ER,false,-1
BW,8,14,RANDOM,false,-1
BW,8,14,FIRST,false,-1
BW,8,14,BFS,false,-1
BW,8,14,RA,false,-1
BW,8,14,RA_ER,false,-1
BW,8,15,RANDOM,false,-1
BW,8,15,FIRST,false,-1
BW,8,15,BFS,false,-1
BW,8,15,RA,false,-1
BW,8,15,RA_ER,false,-1
BW,9,1,RANDOM,false,-1
BW,9,1,FIRST,false,-1
BW,9,1,BFS,false,-1
BW,9,1,RA,false,-1
BW,9,1,RA_ER,false,-1
BW,9,2,RANDOM,false,-1
BW,9,2,FIRST,false,-1
BW,9,2,BFS,false,-1
BW,9,2,RA,false,-1
BW,9,2,RA_ER,false,-1
BW,9,3,RANDOM,false,-1
BW,9,3,FIRST,false,-1
BW,9,3,BFS,false,-1
BW,9,3,RA,false,-1
BW,9,3,RA_ER,false,-1
BW,9,4,RANDOM,false,-1
BW,9,4,FIRST,false,-1
BW,9,4,BFS,false,-1
BW,9,4,RA,false,-1
BW,9,4,RA_ER,false,-1
BW,9,5,RANDOM,false,-1
BW,9,5,FIRST,false,-1
BW,9,5,BFS,false,-1
BW,9,5,RA,false,-1
BW,9,5,RA_ER,false,-1
BW,9,6,RANDOM,false,-1
BW,9,6,FIRST,false,-1
BW,9,6,BFS,false,-1
BW,9,6,RA,false,-1
BW,9,6,RA_ER,false,-1
BW,9,7,RANDOM,false,-1
BW,9,7,FIRST,false,-1
BW,9,7,BFS,false,-1
BW,9,7,RA,false,-1
BW,9,7,RA_ER,false,-1
BW,9,8,RANDOM,false,-1
BW,9,8,FIRST,false,-1
BW,9,8,BFS,false,-1
BW,9,8,RA,false,-1
BW,9,8,RA_ER,false,-1
BW,9,9,RANDOM,false,-1
BW,9,9,FIRST,false,-1
BW,9,9,BFS,false,-1
BW,9,9,RA,false,-1
BW,9,9,RA_ER,false,-1
BW,9,10,RANDOM,false,-1
BW,9,10,FIRST,false,-1
BW,9,10,BFS,false,-1
BW,9,10,RA,false,-1
BW,9,10,RA_ER,false,-1
BW,9,11,RANDOM,false,-1
BW,9,11,FIRST,false,-1
BW,9,11,BFS,false,-1
BW,9,11,RA,false,-1
BW,9,11,RA_ER,false,-1
BW,9,12,RANDOM,false,-1
BW,9,12,FIRST,false,-1
BW,9,12,BFS,false,-1
BW,9,12,RA,false,-1
BW,9,12,RA_ER,false,-1
BW,9,13,RANDOM,false,-1
BW,9,13,FIRST,false,-1
BW,9,13,BFS,false,-1
BW,9,13,RA,false,-1
BW,9,13,RA_ER,false,-1
BW,9,14,RANDOM,false,-1
BW,9,14,FIRST,false,-1
BW,9,14,BFS,false,-1
BW,9,14,RA,false,-1
BW,9,14,RA_ER,false,-1
BW,9,15,RANDOM,false,-1
BW,9,15,FIRST,false,-1
BW,9,15,BFS,false,-1
BW,9,15,RA,false,-1
BW,9,15,RA_ER,false,-1
BW,10,1,RANDOM,false,-1
BW,10,1,FIRST,false,-1
BW,10,1,BFS,false,-1
BW,10,1,RA,false,-1
BW,10,1,RA_ER,false,-1
BW,10,2,RANDOM,false,-1
BW,10,2,FIRST,false,-1
BW,10,2,BFS,false,-1
BW,10,2,RA,false,-1
BW,10,2,RA_ER,false,-1
BW,10,3,RANDOM,false,-1
BW,10,3,FIRST,false,-1
BW,10,3,BFS,false,-1
BW,10,3,RA,false,-1
BW,10,3,RA_ER,false,-1
BW,10,4,RANDOM,false,-1
BW,10,4,FIRST,false,-1
BW,10,4,BFS,false,-1
BW,10,4,RA,false,-1
BW,10,4,RA_ER,false,-1
BW,10,5,RANDOM,false,-1
BW,10,5,FIRST,false,-1
BW,10,5,BFS,false,-1
BW,10,5,RA,false,-1
BW,10,5,RA_ER,false,-1
BW,10,6,RANDOM,false,-1
BW,10,6,FIRST,false,-1
BW,10,6,BFS,false,-1
BW,10,6,RA,false,-1
BW,10,6,RA_ER,false,-1
BW,10,7,RANDOM,false,-1
BW,10,7,FIRST,false,-1
BW,10,7,BFS,false,-1
BW,10,7,RA,false,-1
BW,10,7,RA_ER,false,-1
BW,10,8,RANDOM,false,-1
BW,10,8,FIRST,false,-1
BW,10,8,BFS,false,-1
BW,10,8,RA,false,-1
BW,10,8,RA_ER,false,-1
BW,10,9,RANDOM,false,-1
BW,10,9,FIRST,false,-1
BW,10,9,BFS,false,-1
BW,10,9,RA,false,-1
BW,10,9,RA_ER,false,-1
BW,10,10,RANDOM,false,-1
BW,10,10,FIRST,false,-1
BW,10,10,BFS,false,-1
BW,10,10,RA,false,-1
BW,10,10,RA_ER,false,-1
BW,10,11,RANDOM,false,-1
BW,10,11,FIRST,false,-1
BW,10,11,BFS,false,-1
BW,10,11,RA,false,-1
BW,10,11,RA_ER,false,-1
BW,10,12,RANDOM,false,-1
BW,10,12,FIRST,false,-1
BW,10,12,BFS,false,-1
BW,10,12,RA,false,-1
BW,10,12,RA_ER,false,-1
BW,10,13,RANDOM,false,-1
BW,10,13,FIRST,false,-1
BW,10,13,BFS,false,-1
BW,10,13,RA,false,-1
BW,10,13,RA_ER,false,-1
BW,10,14,RANDOM,false,-1
BW,10,14,FIRST,false,-1
BW,10,14,BFS,false,-1
BW,10,14,RA,false,-1
BW,10,14,RA_ER,false,-1
BW,10,15,RANDOM,false,-1
BW,10,15,FIRST,false,-1
BW,10,15,BFS,false,-1
BW,10,15,RA,false,-1
BW,10,15,RA_ER,false,-1
BW,11,1,RANDOM,false,-1
BW,11,1,FIRST,false,-1
BW,11,1,BFS,false,-1
BW,11,1,RA,false,-1
BW,11,1,RA_ER,false,-1
BW,11,2,RANDOM,false,-1
BW,11,2,FIRST,false,-1
BW,11,2,BFS,false,-1
BW,11,2,RA,false,-1
BW,11,2,RA_ER,false,-1
BW,11,3,RANDOM,false,-1
BW,11,3,FIRST,false,-1
BW,11,3,BFS,false,-1
BW,11,3,RA,false,-1
BW,11,3,RA_ER,false,-1
BW,11,4,RANDOM,false,-1
BW,11,4,FIRST,false,-1
BW,11,4,BFS,false,-1
BW,11,4,RA,false,-1
BW,11,4,RA_ER,false,-1
BW,11,5,RANDOM,false,-1
BW,11,5,FIRST,false,-1
BW,11,5,BFS,false,-1
BW,11,5,RA,false,-1
BW,11,5,RA_ER,false,-1
BW,11,6,RANDOM,false,-1
BW,11,6,FIRST,false,-1
BW,11,6,BFS,false,-1
BW,11,6,RA,false,-1
BW,11,6,RA_ER,false,-1
BW,11,7,RANDOM,false,-1
BW,11,7,FIRST,false,-1
BW,11,7,BFS,false,-1
BW,11,7,RA,false,-1
BW,11,7,RA_ER,false,-1
BW,11,8,RANDOM,false,-1
BW,11,8,FIRST,false,-1
BW,11,8,BFS,false,-1
BW,11,8,RA,false,-1
BW,11,8,RA_ER,false,-1
BW,11,9,RANDOM,false,-1
BW,11,9,FIRST,false,-1
BW,11,9,BFS,false,-1
BW,11,9,RA,false,-1
BW,11,9,RA_ER,false,-1
BW,11,10,RANDOM,false,-1
BW,11,10,FIRST,false,-1
BW,11,10,BFS,false,-1
BW,11,10,RA,false,-1
BW,11,10,RA_ER,false,-1
BW,11,11,RANDOM,false,-1
BW,11,11,FIRST,false,-1
BW,11,11,BFS,false,-1
BW,11,11,RA,false,-1
BW,11,11,RA_ER,false,-1
BW,11,12,RANDOM,false,-1
BW,11,12,FIRST,false,-1
BW,11,12,BFS,false,-1
BW,11,12,RA,false,-1
BW,11,12,RA_ER,false,-1
BW,11,13,RANDOM,false,-1
BW,11,13,FIRST,false,-1
BW,11,13,BFS,false,-1
BW,11,13,RA,false,-1
BW,11,13,RA_ER,false,-1
BW,11,14,RANDOM,false,-1
BW,11,14,FIRST,false,-1
BW,11,14,BFS,false,-1
BW,11,14,RA,false,-1
BW,11,14,RA_ER,false,-1
BW,11,15,RANDOM,false,-1
BW,11,15,FIRST,false,-1
BW,11,15,BFS,false,-1
BW,11,15,RA,false,-1
BW,11,15,RA_ER,false,-1
BW,12,1,RANDOM,false,-1
BW,12,1,FIRST,false,-1
BW,12,1,BFS,false,-1
BW,12,1,RA,false,-1
BW,12,1,RA_ER,false,-1
BW,12,2,RANDOM,false,-1
BW,12,2,FIRST,false,-1
BW,12,2,BFS,false,-1
BW,12,2,RA,false,-1
BW,12,2,RA_ER,false,-1
BW,12,3,RANDOM,false,-1
BW,12,3,FIRST,false,-1
BW,12,3,BFS,false,-1
BW,12,3,RA,false,-1
BW,12,3,RA_ER,false,-1
BW,12,4,RANDOM,false,-1
BW,12,4,FIRST,false,-1
BW,12,4,BFS,false,-1
BW,12,4,RA,false,-1
BW,12,4,RA_ER,false,-1
BW,12,5,RANDOM,false,-1
BW,12,5,FIRST,false,-1
BW,12,5,BFS,false,-1
BW,12,5,RA,false,-1
BW,12,5,RA_ER,false,-1
BW,12,6,RANDOM,false,-1
BW,12,6,FIRST,false,-1
BW,12,6,BFS,false,-1
BW,12,6,RA,false,-1
BW,12,6,RA_ER,false,-1
BW,12,7,RANDOM,false,-1
BW,12,7,FIRST,false,-1
BW,12,7,BFS,false,-1
BW,12,7,RA,false,-1
BW,12,7,RA_ER,false,-1
BW,12,8,RANDOM,false,-1
BW,12,8,FIRST,false,-1
BW,12,8,BFS,false,-1
BW,12,8,RA,false,-1
BW,12,8,RA_ER,false,-1
BW,12,9,RANDOM,false,-1
BW,12,9,FIRST,false,-1
BW,12,9,BFS,false,-1
BW,12,9,RA,false,-1
BW,12,9,RA_ER,false,-1
BW,12,10,RANDOM,false,-1
BW,12,10,FIRST,false,-1
BW,12,10,BFS,false,-1
BW,12,10,RA,false,-1
BW,12,10,RA_ER,false,-1
BW,12,11,RANDOM,false,-1
BW,12,11,FIRST,false,-1
BW,12,11,BFS,false,-1
BW,12,11,RA,false,-1
BW,12,11,RA_ER,false,-1
BW,12,12,RANDOM,false,-1
BW,12,12,FIRST,false,-1
BW,12,12,BFS,false,-1
BW,12,12,RA,false,-1
BW,12,12,RA_ER,false,-1
BW,12,13,RANDOM,false,-1
BW,12,13,FIRST,false,-1
BW,12,13,BFS,false,-1
BW,12,13,RA,false,-1
BW,12,13,RA_ER,false,-1
BW,12,14,RANDOM,false,-1
BW,12,14,FIRST,false,-1
BW,12,14,BFS,false,-1
BW,12,14,RA,false,-1
BW,12,14,RA_ER,false,-1
BW,12,15,RANDOM,false,-1
BW,12,15,FIRST,false,-1
BW,12,15,BFS,false,-1
BW,12,15,RA,false,-1
BW,12,15,RA_ER,false,-1
BW,13,1,RANDOM,false,-1
BW,13,1,FIRST,false,-1
BW,13,1,BFS,false,-1
BW,13,1,RA,false,-1
BW,13,1,RA_ER,false,-1
BW,13,2,RANDOM,false,-1
BW,13,2,FIRST,false,-1
BW,13,2,BFS,false,-1
BW,13,2,RA,false,-1
BW,13,2,RA_ER,false,-1
BW,13,3,RANDOM,false,-1
BW,13,3,FIRST,false,-1
BW,13,3,BFS,false,-1
BW,13,3,RA,false,-1
BW,13,3,RA_ER,false,-1
BW,13,4,RANDOM,false,-1
BW,13,4,FIRST,false,-1
BW,13,4,BFS,false,-1
BW,13,4,RA,false,-1
BW,13,4,RA_ER,false,-1
BW,13,5,RANDOM,false,-1
BW,13,5,FIRST,false,-1
BW,13,5,BFS,false,-1
BW,13,5,RA,false,-1
BW,13,5,RA_ER,false,-1
BW,13,6,RANDOM,false,-1
BW,13,6,FIRST,false,-1
BW,13,6,BFS,false,-1
BW,13,6,RA,false,-1
BW,13,6,RA_ER,false,-1
BW,13,7,RANDOM,false,-1
BW,13,7,FIRST,false,-1
BW,13,7,BFS,false,-1
BW,13,7,RA,false,-1
BW,13,7,RA_ER,false,-1
BW,13,8,RANDOM,false,-1
BW,13,8,FIRST,false,-1
BW,13,8,BFS,false,-1
BW,13,8,RA,false,-1
BW,13,8,RA_ER,false,-1
BW,13,9,RANDOM,false,-1
BW,13,9,FIRST,false,-1
BW,13,9,BFS,false,-1
BW,13,9,RA,false,-1
BW,13,9,RA_ER,false,-1
BW,13,10,RANDOM,false,-1
BW,13,10,FIRST,false,-1
BW,13,10,BFS,false,-1
BW,13,10,RA,false,-1
BW,13,10,RA_ER,false,-1
BW,13,11,RANDOM,false,-1
BW,13,11,FIRST,false,-1
BW,13,11,BFS,false,-1
BW,13,11,RA,false,-1
BW,13,11,RA_ER,false,-1
BW,13,12,RANDOM,false,-1
BW,13,12,FIRST,false,-1
BW,13,12,BFS,false,-1
BW,13,12,RA,false,-1
BW,13,12,RA_ER,false,-1
BW,13,13,RANDOM,false,-1
BW,13,13,FIRST,false,-1
BW,13,13,BFS,false,-1
BW,13,13,RA,false,-1
BW,13,13,RA_ER,false,-1
BW,13,14,RANDOM,false,-1
BW,13,14,FIRST,false,-1
BW,13,14,BFS,false,-1
BW,13,14,RA,false,-1
BW,13,14,RA_ER,false,-1
BW,13,15,RANDOM,false,-1
BW,13,15,FIRST,false,-1
BW,13,15,BFS,false,-1
BW,13,15,RA,false,-1
BW,13,15,RA_ER,false,-1
BW,14,1,RANDOM,false,-1
BW,14,1,FIRST,false,-1
BW,14,1,BFS,false,-1
BW,14,1,RA,false,-1
BW,14,1,RA_ER,false,-1
BW,14,2,RANDOM,false,-1
BW,14,2,FIRST,false,-1
BW,14,2,BFS,false,-1
BW,14,2,RA,false,-1
BW,14,2,RA_ER,false,-1
BW,14,3,RANDOM,false,-1
BW,14,3,FIRST,false,-1
BW,14,3,BFS,false,-1
BW,14,3,RA,false,-1
BW,14,3,RA_ER,false,-1
BW,14,4,RANDOM,false,-1
BW,14,4,FIRST,false,-1
BW,14,4,BFS,false,-1
BW,14,4,RA,false,-1
BW,14,4,RA_ER,false,-1
BW,14,5,RANDOM,false,-1
BW,14,5,FIRST,false,-1
BW,14,5,BFS,false,-1
BW,14,5,RA,false,-1
BW,14,5,RA_ER,false,-1
BW,14,6,RANDOM,false,-1
BW,14,6,FIRST,false,-1
BW,14,6,BFS,false,-1
BW,14,6,RA,false,-1
BW,14,6,RA_ER,false,-1
BW,14,7,RANDOM,false,-1
BW,14,7,FIRST,false,-1
BW,14,7,BFS,false,-1
BW,14,7,RA,false,-1
BW,14,7,RA_ER,false,-1
BW,14,8,RANDOM,false,-1
BW,14,8,FIRST,false,-1
BW,14,8,BFS,false,-1
BW,14,8,RA,false,-1
BW,14,8,RA_ER,false,-1
BW,14,9,RANDOM,false,-1
BW,14,9,FIRST,false,-1
BW,14,9,BFS,false,-1
BW,14,9,RA,false,-1
BW,14,9,RA_ER,false,-1
BW,14,10,RANDOM,false,-1
BW,14,10,FIRST,false,-1
BW,14,10,BFS,false,-1
BW,14,10,RA,false,-1
BW,14,10,RA_ER,false,-1
BW,14,11,RANDOM,false,-1
BW,14,11,FIRST,false,-1
BW,14,11,BFS,false,-1
BW,14,11,RA,false,-1
BW,14,11,RA_ER,false,-1
BW,14,12,RANDOM,false,-1
BW,14,12,FIRST,false,-1
BW,14,12,BFS,false,-1
BW,14,12,RA,false,-1
BW,14,12,RA_ER,false,-1
BW,14,13,RANDOM,false,-1
BW,14,13,FIRST,false,-1
BW,14,13,BFS,false,-1
BW,14,13,RA,false,-1
BW,14,13,RA_ER,false,-1
BW,14,14,RANDOM,false,-1
BW,14,14,FIRST,false,-1
BW,14,14,BFS,false,-1
BW,14,14,RA,false,-1
BW,14,14,RA_ER,false,-1
BW,14,15,RANDOM,false,-1
BW,14,15,FIRST,false,-1
BW,14,15,BFS,false,-1
BW,14,15,RA,false,-1
BW,14,15,RA_ER,false,-1
BW,15,1,RANDOM,false,-1
BW,15,1,FIRST,false,-1
BW,15,1,BFS,false,-1
BW,15,1,RA,false,-1
BW,15,1,RA_ER,false,-1
BW,15,2,RANDOM,false,-1
BW,15,2,FIRST,false,-1
BW,15,2,BFS,false,-1
BW,15,2,RA,false,-1
BW,15,2,RA_ER,false,-1
BW,15,3,RANDOM,false,-1
BW,15,3,FIRST,false,-1
BW,15,3,BFS,false,-1
BW,15,3,RA,false,-1
BW,15,3,RA_ER,false,-1
BW,15,4,RANDOM,false,-1
BW,15,4,FIRST,false,-1
BW,15,4,BFS,false,-1
BW,15,4,RA,false,-1
BW,15,4,RA_ER,false,-1
BW,15,5,RANDOM,false,-1
BW,15,5,FIRST,false,-1
BW,15,5,BFS,false,-1
BW,15,5,RA,false,-1
BW,15,5,RA_ER,false,-1
BW,15,6,RANDOM,false,-1
BW,15,6,FIRST,false,-1
BW,15,6,BFS,false,-1
BW,15,6,RA,false,-1
BW,15,6,RA_ER,false,-1
BW,15,7,RANDOM,false,-1
BW,15,7,FIRST,false,-1
BW,15,7,BFS,false,-1
BW,15,7,RA,false,-1
BW,15,7,RA_ER,false,-1
BW,15,8,RANDOM,false,-1
BW,15,8,FIRST,false,-1
BW,15,8,BFS,false,-1
BW,15,8,RA,false,-1
BW,15,8,RA_ER,false,-1
BW,15,9,RANDOM,false,-1
BW,15,9,FIRST,false,-1
BW,15,9,BFS,false,-1
BW,15,9,RA,false,-1
BW,15,9,RA_ER,false,-1
BW,15,10,RANDOM,false,-1
BW,15,10,FIRST,false,-1
BW,15,10,BFS,false,-1
BW,15,10,RA,false,-1
BW,15,10,RA_ER,false,-1
BW,15,11,RANDOM,false,-1
BW,15,11,FIRST,false,-1
BW,15,11,BFS,false,-1
BW,15,11,RA,false,-1
BW,15,11,RA_ER,false,-1
BW,15,12,RANDOM,false,-1
BW,15,12,FIRST,false,-1
BW,15,12,BFS,false,-1
BW,15,12,RA,false,-1
BW,15,12,RA_ER,false,-1
BW,15,13,RANDOM,false,-1
BW,15,13,FIRST,false,-1
BW,15,13,BFS,false,-1
BW,15,13,RA,false,-1
BW,15,13,RA_ER,false,-1
BW,15,14,RANDOM,false,-1
BW,15,14,FIRST,false,-1
BW,15,14,BFS,false,-1
BW,15,14,RA,false,-1
BW,15,14,RA_ER,false,-1
BW,15,15,RANDOM,false,-1
BW,15,15,FIRST,false,-1
BW,15,15,BFS,false,-1
BW,15,15,RA,false,-1
BW,15,15,RA_ER,false,-1
CM,1,1,RANDOM,true,47
CM,1,1,FIRST,true,47
CM,1,1,BFS,true,47
CM,1,1,RA,true,20
CM,1,1,RA_ER,true,44
CM,1,2,RANDOM,true,126
CM,1,2,FIRST,true,144
CM,1,2,BFS,true,144
CM,1,2,RA,true,149
CM,1,2,RA_ER,true,129
CM,1,3,RANDOM,true,258
CM,1,3,FIRST,true,309
CM,1,3,BFS,true,309
CM,1,3,RA,true,315
CM,1,3,RA_ER,true,133
CM,1,4,RANDOM,true,430
CM,1,4,FIRST,true,538
CM,1,4,BFS,true,538
CM,1,4,RA,true,545
CM,1,4,RA_ER,true,265
CM,1,5,RANDOM,true,676
CM,1,5,FIRST,true,831
CM,1,5,BFS,true,831
CM,1,5,RA,true,843
CM,1,5,RA_ER,true,445
CM,1,6,RANDOM,true,1001
CM,1,6,FIRST,true,1188
CM,1,6,BFS,true,1188
CM,1,6,RA,true,1205
CM,1,6,RA_ER,true,673
CM,1,7,RANDOM,true,1377
CM,1,7,FIRST,true,1609
CM,1,7,BFS,true,1609
CM,1,7,RA,true,1631
CM,1,7,RA_ER,true,949
CM,1,8,RANDOM,true,1788
CM,1,8,FIRST,true,2094
CM,1,8,BFS,true,2094
CM,1,8,RA,true,2121
CM,1,8,RA_ER,true,1273
CM,1,9,RANDOM,true,2395
CM,1,9,FIRST,false,2500
CM,1,9,BFS,false,2500
CM,1,9,RA,false,2500
CM,1,9,RA_ER,true,1645
CM,1,10,RANDOM,false,2500
CM,1,10,FIRST,false,2500
CM,1,10,BFS,false,2500
CM,1,10,RA,false,2500
CM,1,10,RA_ER,true,2065
CM,1,11,RANDOM,false,2500
CM,1,11,FIRST,false,2500
CM,1,11,BFS,false,2500
CM,1,11,RA,false,2500
CM,1,11,RA_ER,false,2500
CM,1,12,RANDOM,false,2500
CM,1,12,FIRST,false,2500
CM,1,12,BFS,false,2500
CM,1,12,RA,false,2500
CM,1,12,RA_ER,false,2500
CM,1,13,RANDOM,false,2500
CM,1,13,FIRST,false,2500
CM,1,13,BFS,false,2500
CM,1,13,RA,false,2500
CM,1,13,RA_ER,false,2500
CM,1,14,RANDOM,false,2500
CM,1,14,FIRST,false,2500
CM,1,14,BFS,false,2500
CM,1,14,RA,false,2500
CM,1,14,RA_ER,false,2500
CM,1,15,RANDOM,false,2500
CM,1,15,FIRST,false,2500
CM,1,15,BFS,false,2500
CM,1,15,RA,false,2500
CM,1,15,RA_ER,false,2500
CM,2,1,RANDOM,false,-1
CM,2,1,FIRST,false,-1
CM,2,1,BFS,false,-1
CM,2,1,RA,false,-1
CM,2,1,RA_ER,false,-1
CM,2,2,RANDOM,false,-1
CM,2,2,FIRST,false,-1
CM,2,2,BFS,false,-1
CM,2,2,RA,false,-1
CM,2,2,RA_ER,false,-1
CM,2,3,RANDOM,false,-1
CM,2,3,FIRST,false,-1
CM,2,3,BFS,false,-1
CM,2,3,RA,false,-1
CM,2,3,RA_ER,false,-1
CM,2,4,RANDOM,false,-1
CM,2,4,FIRST,false,-1
CM,2,4,BFS,false,-1
CM,2,4,RA,false,-1
CM,2,4,RA_ER,false,-1
CM,2,5,RANDOM,false,-1
CM,2,5,FIRST,false,-1
CM,2,5,BFS,false,-1
CM,2,5,RA,false,-1
CM,2,5,RA_ER,false,-1
CM,2,6,RANDOM,false,-1
CM,2,6,FIRST,false,-1
CM,2,6,BFS,false,-1
CM,2,6,RA,false,-1
CM,2,6,RA_ER,false,-1
CM,2,7,RANDOM,false,-1
CM,2,7,FIRST,false,-1
CM,2,7,BFS,false,-1
CM,2,7,RA,false,-1
CM,2,7,RA_ER,false,-1
CM,2,8,RANDOM,false,-1
CM,2,8,FIRST,false,-1
CM,2,8,BFS,false,-1
CM,2,8,RA,false,-1
CM,2,8,RA_ER,false,-1
CM,2,9,RANDOM,false,-1
CM,2,9,FIRST,false,-1
CM,2,9,BFS,false,-1
CM,2,9,RA,false,-1
CM,2,9,RA_ER,false,-1
CM,2,10,RANDOM,false,-1
CM,2,10,FIRST,false,-1
CM,2,10,BFS,false,-1
CM,2,10,RA,false,-1
CM,2,10,RA_ER,false,-1
CM,2,11,RANDOM,false,-1
CM,2,11,FIRST,false,-1
CM,2,11,BFS,false,-1
CM,2,11,RA,false,-1
CM,2,11,RA_ER,false,-1
CM,2,12,RANDOM,false,-1
CM,2,12,FIRST,false,-1
CM,2,12,BFS,false,-1
CM,2,12,RA,false,-1
CM,2,12,RA_ER,false,-1
CM,2,13,RANDOM,false,-1
CM,2,13,FIRST,false,-1
CM,2,13,BFS,false,-1
CM,2,13,RA,false,-1
CM,2,13,RA_ER,false,-1
CM,2,14,RANDOM,false,-1
CM,2,14,FIRST,false,-1
CM,2,14,BFS,false,-1
CM,2,14,RA,false,-1
CM,2,14,RA_ER,false,-1
CM,2,15,RANDOM,false,-1
CM,2,15,FIRST,false,-1
CM,2,15,BFS,false,-1
CM,2,15,RA,false,-1
CM,2,15,RA_ER,false,-1
CM,3,1,RANDOM,false,-1
CM,3,1,FIRST,false,-1
CM,3,1,BFS,false,-1
CM,3,1,RA,false,-1
CM,3,1,RA_ER,false,-1
CM,3,2,RANDOM,false,-1
CM,3,2,FIRST,false,-1
CM,3,2,BFS,false,-1
CM,3,2,RA,false,-1
CM,3,2,RA_ER,false,-1
CM,3,3,RANDOM,false,-1
CM,3,3,FIRST,false,-1
CM,3,3,BFS,false,-1
CM,3,3,RA,false,-1
CM,3,3,RA_ER,false,-1
CM,3,4,RANDOM,false,-1
CM,3,4,FIRST,false,-1
CM,3,4,BFS,false,-1
CM,3,4,RA,false,-1
CM,3,4,RA_ER,false,-1
CM,3,5,RANDOM,false,-1
CM,3,5,FIRST,false,-1
CM,3,5,BFS,false,-1
CM,3,5,RA,false,-1
CM,3,5,RA_ER,false,-1
CM,3,6,RANDOM,false,-1
CM,3,6,FIRST,false,-1
CM,3,6,BFS,false,-1
CM,3,6,RA,false,-1
CM,3,6,RA_ER,false,-1
CM,3,7,RANDOM,false,-1
CM,3,7,FIRST,false,-1
CM,3,7,BFS,false,-1
CM,3,7,RA,false,-1
CM,3,7,RA_ER,false,-1
CM,3,8,RANDOM,false,-1
CM,3,8,FIRST,false,-1
CM,3,8,BFS,false,-1
CM,3,8,RA,false,-1
CM,3,8,RA_ER,false,-1
CM,3,9,RANDOM,false,-1
CM,3,9,FIRST,false,-1
CM,3,9,BFS,false,-1
CM,3,9,RA,false,-1
CM,3,9,RA_ER,false,-1
CM,3,10,RANDOM,false,-1
CM,3,10,FIRST,false,-1
CM,3,10,BFS,false,-1
CM,3,10,RA,false,-1
CM,3,10,RA_ER,false,-1
CM,3,11,RANDOM,false,-1
CM,3,11,FIRST,false,-1
CM,3,11,BFS,false,-1
CM,3,11,RA,false,-1
CM,3,11,RA_ER,false,-1
CM,3,12,RANDOM,false,-1
CM,3,12,FIRST,false,-1
CM,3,12,BFS,false,-1
CM,3,12,RA,false,-1
CM,3,12,RA_ER,false,-1
CM,3,13,RANDOM,false,-1
CM,3,13,FIRST,false,-1
CM,3,13,BFS,false,-1
CM,3,13,RA,false,-1
CM,3,13,RA_ER,false,-1
CM,3,14,RANDOM,false,-1
CM,3,14,FIRST,false,-1
CM,3,14,BFS,false,-1
CM,3,14,RA,false,-1
CM,3,14,RA_ER,false,-1
CM,3,15,RANDOM,false,-1
CM,3,15,FIRST,false,-1
CM,3,15,BFS,false,-1
CM,3,15,RA,false,-1
CM,3,15,RA_ER,false,-1
CM,4,1,RANDOM,false,-1
CM,4,1,FIRST,false,-1
CM,4,1,BFS,false,-1
CM,4,1,RA,false,-1
CM,4,1,RA_ER,false,-1
CM,4,2,RANDOM,false,-1
CM,4,2,FIRST,false,-1
CM,4,2,BFS,false,-1
CM,4,2,RA,false,-1
CM,4,2,RA_ER,false,-1
CM,4,3,RANDOM,false,-1
CM,4,3,FIRST,false,-1
CM,4,3,BFS,false,-1
CM,4,3,RA,false,-1
CM,4,3,RA_ER,false,-1
CM,4,4,RANDOM,false,-1
CM,4,4,FIRST,false,-1
CM,4,4,BFS,false,-1
CM,4,4,RA,false,-1
CM,4,4,RA_ER,false,-1
CM,4,5,RANDOM,false,-1
CM,4,5,FIRST,false,-1
CM,4,5,BFS,false,-1
CM,4,5,RA,false,-1
CM,4,5,RA_ER,false,-1
CM,4,6,RANDOM,false,-1
CM,4,6,FIRST,false,-1
CM,4,6,BFS,false,-1
CM,4,6,RA,false,-1
CM,4,6,RA_ER,false,-1
CM,4,7,RANDOM,false,-1
CM,4,7,FIRST,false,-1
CM,4,7,BFS,false,-1
CM,4,7,RA,false,-1
CM,4,7,RA_ER,false,-1
CM,4,8,RANDOM,false,-1
CM,4,8,FIRST,false,-1
CM,4,8,BFS,false,-1
CM,4,8,RA,false,-1
CM,4,8,RA_ER,false,-1
CM,4,9,RANDOM,false,-1
CM,4,9,FIRST,false,-1
CM,4,9,BFS,false,-1
CM,4,9,RA,false,-1
CM,4,9,RA_ER,false,-1
CM,4,10,RANDOM,false,-1
CM,4,10,FIRST,false,-1
CM,4,10,BFS,false,-1
CM,4,10,RA,false,-1
CM,4,10,RA_ER,false,-1
CM,4,11,RANDOM,false,-1
CM,4,11,FIRST,false,-1
CM,4,11,BFS,false,-1
CM,4,11,RA,false,-1
CM,4,11,RA_ER,false,-1
CM,4,12,RANDOM,false,-1
CM,4,12,FIRST,false,-1
CM,4,12,BFS,false,-1
CM,4,12,RA,false,-1
CM,4,12,RA_ER,false,-1
CM,4,13,RANDOM,false,-1
CM,4,13,FIRST,false,-1
CM,4,13,BFS,false,-1
CM,4,13,RA,false,-1
CM,4,13,RA_ER,false,-1
CM,4,14,RANDOM,false,-1
CM,4,14,FIRST,false,-1
CM,4,14,BFS,false,-1
CM,4,14,RA,false,-1
CM,4,14,RA_ER,false,-1
CM,4,15,RANDOM,false,-1
CM,4,15,FIRST,false,-1
CM,4,15,BFS,false,-1
CM,4,15,RA,false,-1
CM,4,15,RA_ER,false,-1
CM,5,1,RANDOM,false,-1
CM,5,1,FIRST,false,-1
CM,5,1,BFS,false,-1
CM,5,1,RA,false,-1
CM,5,1,RA_ER,false,-1
CM,5,2,RANDOM,false,-1
CM,5,2,FIRST,false,-1
CM,5,2,BFS,false,-1
CM,5,2,RA,false,-1
CM,5,2,RA_ER,false,-1
CM,5,3,RANDOM,false,-1
CM,5,3,FIRST,false,-1
CM,5,3,BFS,false,-1
CM,5,3,RA,false,-1
CM,5,3,RA_ER,false,-1
CM,5,4,RANDOM,false,-1
CM,5,4,FIRST,false,-1
CM,5,4,BFS,false,-1
CM,5,4,RA,false,-1
CM,5,4,RA_ER,false,-1
CM,5,5,RANDOM,false,-1
CM,5,5,FIRST,false,-1
CM,5,5,BFS,false,-1
CM,5,5,RA,false,-1
CM,5,5,RA_ER,false,-1
CM,5,6,RANDOM,false,-1
CM,5,6,FIRST,false,-1
CM,5,6,BFS,false,-1
CM,5,6,RA,false,-1
CM,5,6,RA_ER,false,-1
CM,5,7,RANDOM,false,-1
CM,5,7,FIRST,false,-1
CM,5,7,BFS,false,-1
CM,5,7,RA,false,-1
CM,5,7,RA_ER,false,-1
CM,5,8,RANDOM,false,-1
CM,5,8,FIRST,false,-1
CM,5,8,BFS,false,-1
CM,5,8,RA,false,-1
CM,5,8,RA_ER,false,-1
CM,5,9,RANDOM,false,-1
CM,5,9,FIRST,false,-1
CM,5,9,BFS,false,-1
CM,5,9,RA,false,-1
CM,5,9,RA_ER,false,-1
CM,5,10,RANDOM,false,-1
CM,5,10,FIRST,false,-1
CM,5,10,BFS,false,-1
CM,5,10,RA,false,-1
CM,5,10,RA_ER,false,-1
CM,5,11,RANDOM,false,-1
CM,5,11,FIRST,false,-1
CM,5,11,BFS,false,-1
CM,5,11,RA,false,-1
CM,5,11,RA_ER,false,-1
CM,5,12,RANDOM,false,-1
CM,5,12,FIRST,false,-1
CM,5,12,BFS,false,-1
CM,5,12,RA,false,-1
CM,5,12,RA_ER,false,-1
CM,5,13,RANDOM,false,-1
CM,5,13,FIRST,false,-1
CM,5,13,BFS,false,-1
CM,5,13,RA,false,-1
CM,5,13,RA_ER,false,-1
CM,5,14,RANDOM,false,-1
CM,5,14,FIRST,false,-1
CM,5,14,BFS,false,-1
CM,5,14,RA,false,-1
CM,5,14,RA_ER,false,-1
CM,5,15,RANDOM,false,-1
CM,5,15,FIRST,false,-1
CM,5,15,BFS,false,-1
CM,5,15,RA,false,-1
CM,5,15,RA_ER,false,-1
CM,6,1,RANDOM,false,-1
CM,6,1,FIRST,false,-1
CM,6,1,BFS,false,-1
CM,6,1,RA,false,-1
CM,6,1,RA_ER,false,-1
CM,6,2,RANDOM,false,-1
CM,6,2,FIRST,false,-1
CM,6,2,BFS,false,-1
CM,6,2,RA,false,-1
CM,6,2,RA_ER,false,-1
CM,6,3,RANDOM,false,-1
CM,6,3,FIRST,false,-1
CM,6,3,BFS,false,-1
CM,6,3,RA,false,-1
CM,6,3,RA_ER,false,-1
CM,6,4,RANDOM,false,-1
CM,6,4,FIRST,false,-1
CM,6,4,BFS,false,-1
CM,6,4,RA,false,-1
CM,6,4,RA_ER,false,-1
CM,6,5,RANDOM,false,-1
CM,6,5,FIRST,false,-1
CM,6,5,BFS,false,-1
CM,6,5,RA,false,-1
CM,6,5,RA_ER,false,-1
CM,6,6,RANDOM,false,-1
CM,6,6,FIRST,false,-1
CM,6,6,BFS,false,-1
CM,6,6,RA,false,-1
CM,6,6,RA_ER,false,-1
CM,6,7,RANDOM,false,-1
CM,6,7,FIRST,false,-1
CM,6,7,BFS,false,-1
CM,6,7,RA,false,-1
CM,6,7,RA_ER,false,-1
CM,6,8,RANDOM,false,-1
CM,6,8,FIRST,false,-1
CM,6,8,BFS,false,-1
CM,6,8,RA,false,-1
CM,6,8,RA_ER,false,-1
CM,6,9,RANDOM,false,-1
CM,6,9,FIRST,false,-1
CM,6,9,BFS,false,-1
CM,6,9,RA,false,-1
CM,6,9,RA_ER,false,-1
CM,6,10,RANDOM,false,-1
CM,6,10,FIRST,false,-1
CM,6,10,BFS,false,-1
CM,6,10,RA,false,-1
CM,6,10,RA_ER,false,-1
CM,6,11,RANDOM,false,-1
CM,6,11,FIRST,false,-1
CM,6,11,BFS,false,-1
CM,6,11,RA,false,-1
CM,6,11,RA_ER,false,-1
CM,6,12,RANDOM,false,-1
CM,6,12,FIRST,false,-1
CM,6,12,BFS,false,-1
CM,6,12,RA,false,-1
CM,6,12,RA_ER,false,-1
CM,6,13,RANDOM,false,-1
CM,6,13,FIRST,false,-1
CM,6,13,BFS,false,-1
CM,6,13,RA,false,-1
CM,6,13,RA_ER,false,-1
CM,6,14,RANDOM,false,-1
CM,6,14,FIRST,false,-1
CM,6,14,BFS,false,-1
CM,6,14,RA,false,-1
CM,6,14,RA_ER,false,-1
CM,6,15,RANDOM,false,-1
CM,6,15,FIRST,false,-1
CM,6,15,BFS,false,-1
CM,6,15,RA,false,-1
CM,6,15,RA_ER,false,-1
CM,7,1,RANDOM,false,-1
CM,7,1,FIRST,false,-1
CM,7,1,BFS,false,-1
CM,7,1,RA,false,-1
CM,7,1,RA_ER,false,-1
CM,7,2,RANDOM,false,-1
CM,7,2,FIRST,false,-1
CM,7,2,BFS,false,-1
CM,7,2,RA,false,-1
CM,7,2,RA_ER,false,-1
CM,7,3,RANDOM,false,-1
CM,7,3,FIRST,false,-1
CM,7,3,BFS,false,-1
CM,7,3,RA,false,-1
CM,7,3,RA_ER,false,-1
CM,7,4,RANDOM,false,-1
CM,7,4,FIRST,false,-1
CM,7,4,BFS,false,-1
CM,7,4,RA,false,-1
CM,7,4,RA_ER,false,-1
CM,7,5,RANDOM,false,-1
CM,7,5,FIRST,false,-1
CM,7,5,BFS,false,-1
CM,7,5,RA,false,-1
CM,7,5,RA_ER,false,-1
CM,7,6,RANDOM,false,-1
CM,7,6,FIRST,false,-1
CM,7,6,BFS,false,-1
CM,7,6,RA,false,-1
CM,7,6,RA_ER,false,-1
CM,7,7,RANDOM,false,-1
CM,7,7,FIRST,false,-1
CM,7,7,BFS,false,-1
CM,7,7,RA,false,-1
CM,7,7,RA_ER,false,-1
CM,7,8,RANDOM,false,-1
CM,7,8,FIRST,false,-1
CM,7,8,BFS,false,-1
CM,7,8,RA,false,-1
CM,7,8,RA_ER,false,-1
CM,7,9,RANDOM,false,-1
CM,7,9,FIRST,false,-1
CM,7,9,BFS,false,-1
CM,7,9,RA,false,-1
CM,7,9,RA_ER,false,-1
CM,7,10,RANDOM,false,-1
CM,7,10,FIRST,false,-1
CM,7,10,BFS,false,-1
CM,7,10,RA,false,-1
CM,7,10,RA_ER,false,-1
CM,7,11,RANDOM,false,-1
CM,7,11,FIRST,false,-1
CM,7,11,BFS,false,-1
CM,7,11,RA,false,-1
CM,7,11,RA_ER,false,-1
CM,7,12,RANDOM,false,-1
CM,7,12,FIRST,false,-1
CM,7,12,BFS,false,-1
CM,7,12,RA,false,-1
CM,7,12,RA_ER,false,-1
CM,7,13,RANDOM,false,-1
CM,7,13,FIRST,false,-1
CM,7,13,BFS,false,-1
CM,7,13,RA,false,-1
CM,7,13,RA_ER,false,-1
CM,7,14,RANDOM,false,-1
CM,7,14,FIRST,false,-1
CM,7,14,BFS,false,-1
CM,7,14,RA,false,-1
CM,7,14,RA_ER,false,-1
CM,7,15,RANDOM,false,-1
CM,7,15,FIRST,false,-1
CM,7,15,BFS,false,-1
CM,7,15,RA,false,-1
CM,7,15,RA_ER,false,-1
CM,8,1,RANDOM,false,-1
CM,8,1,FIRST,false,-1
CM,8,1,BFS,false,-1
CM,8,1,RA,false,-1
CM,8,1,RA_ER,false,-1
CM,8,2,RANDOM,false,-1
CM,8,2,FIRST,false,-1
CM,8,2,BFS,false,-1
CM,8,2,RA,false,-1
CM,8,2,RA_ER,false,-1
CM,8,3,RANDOM,false,-1
CM,8,3,FIRST,false,-1
CM,8,3,BFS,false,-1
CM,8,3,RA,false,-1
CM,8,3,RA_ER,false,-1
CM,8,4,RANDOM,false,-1
CM,8,4,FIRST,false,-1
CM,8,4,BFS,false,-1
CM,8,4,RA,false,-1
CM,8,4,RA_ER,false,-1
CM,8,5,RANDOM,false,-1
CM,8,5,FIRST,false,-1
CM,8,5,BFS,false,-1
CM,8,5,RA,false,-1
CM,8,5,RA_ER,false,-1
CM,8,6,RANDOM,false,-1
CM,8,6,FIRST,false,-1
CM,8,6,BFS,false,-1
CM,8,6,RA,false,-1
CM,8,6,RA_ER,false,-1
CM,8,7,RANDOM,false,-1
CM,8,7,FIRST,false,-1
CM,8,7,BFS,false,-1
CM,8,7,RA,false,-1
CM,8,7,RA_ER,false,-1
CM,8,8,RANDOM,false,-1
CM,8,8,FIRST,false,-1
CM,8,8,BFS,false,-1
CM,8,8,RA,false,-1
CM,8,8,RA_ER,false,-1
CM,8,9,RANDOM,false,-1
CM,8,9,FIRST,false,-1
CM,8,9,BFS,false,-1
CM,8,9,RA,false,-1
CM,8,9,RA_ER,false,-1
CM,8,10,RANDOM,false,-1
CM,8,10,FIRST,false,-1
CM,8,10,BFS,false,-1
CM,8,10,RA,false,-1
CM,8,10,RA_ER,false,-1
CM,8,11,RANDOM,false,-1
CM,8,11,FIRST,false,-1
CM,8,11,BFS,false,-1
CM,8,11,RA,false,-1
CM,8,11,RA_ER,false,-1
CM,8,12,RANDOM,false,-1
CM,8,12,FIRST,false,-1
CM,8,12,BFS,false,-1
CM,8,12,RA,false,-1
CM,8,12,RA_ER,false,-1
CM,8,13,RANDOM,false,-1
CM,8,13,FIRST,false,-1
CM,8,13,BFS,false,-1
CM,8,13,RA,false,-1
CM,8,13,RA_ER,false,-1
CM,8,14,RANDOM,false,-1
CM,8,14,FIRST,false,-1
CM,8,14,BFS,false,-1
CM,8,14,RA,false,-1
CM,8,14,RA_ER,false,-1
CM,8,15,RANDOM,false,-1
CM,8,15,FIRST,false,-1
CM,8,15,BFS,false,-1
CM,8,15,RA,false,-1
CM,8,15,RA_ER,false,-1
CM,9,1,RANDOM,false,-1
CM,9,1,FIRST,false,-1
CM,9,1,BFS,false,-1
CM,9,1,RA,false,-1
CM,9,1,RA_ER,false,-1
CM,9,2,RANDOM,false,-1
CM,9,2,FIRST,false,-1
CM,9,2,BFS,false,-1
CM,9,2,RA,false,-1
CM,9,2,RA_ER,false,-1
CM,9,3,RANDOM,false,-1
CM,9,3,FIRST,false,-1
CM,9,3,BFS,false,-1
CM,9,3,RA,false,-1
CM,9,3,RA_ER,false,-1
CM,9,4,RANDOM,false,-1
CM,9,4,FIRST,false,-1
CM,9,4,BFS,false,-1
CM,9,4,RA,false,-1
CM,9,4,RA_ER,false,-1
CM,9,5,RANDOM,false,-1
CM,9,5,FIRST,false,-1
CM,9,5,BFS,false,-1
CM,9,5,RA,false,-1
CM,9,5,RA_ER,false,-1
CM,9,6,RANDOM,false,-1
CM,9,6,FIRST,false,-1
CM,9,6,BFS,false,-1
CM,9,6,RA,false,-1
CM,9,6,RA_ER,false,-1
CM,9,7,RANDOM,false,-1
CM,9,7,FIRST,false,-1
CM,9,7,BFS,false,-1
CM,9,7,RA,false,-1
CM,9,7,RA_ER,false,-1
CM,9,8,RANDOM,false,-1
CM,9,8,FIRST,false,-1
CM,9,8,BFS,false,-1
CM,9,8,RA,false,-1
CM,9,8,RA_ER,false,-1
CM,9,9,RANDOM,false,-1
CM,9,9,FIRST,false,-1
CM,9,9,BFS,false,-1
CM,9,9,RA,false,-1
CM,9,9,RA_ER,false,-1
CM,9,10,RANDOM,false,-1
CM,9,10,FIRST,false,-1
CM,9,10,BFS,false,-1
CM,9,10,RA,false,-1
CM,9,10,RA_ER,false,-1
CM,9,11,RANDOM,false,-1
CM,9,11,FIRST,false,-1
CM,9,11,BFS,false,-1
CM,9,11,RA,false,-1
CM,9,11,RA_ER,false,-1
CM,9,12,RANDOM,false,-1
CM,9,12,FIRST,false,-1
CM,9,12,BFS,false,-1
CM,9,12,RA,false,-1
CM,9,12,RA_ER,false,-1
CM,9,13,RANDOM,false,-1
CM,9,13,FIRST,false,-1
CM,9,13,BFS,false,-1
CM,9,13,RA,false,-1
CM,9,13,RA_ER,false,-1
CM,9,14,RANDOM,false,-1
CM,9,14,FIRST,false,-1
CM,9,14,BFS,false,-1
CM,9,14,RA,false,-1
CM,9,14,RA_ER,false,-1
CM,9,15,RANDOM,false,-1
CM,9,15,FIRST,false,-1
CM,9,15,BFS,false,-1
CM,9,15,RA,false,-1
CM,9,15,RA_ER,false,-1
CM,10,1,RANDOM,false,-1
CM,10,1,FIRST,false,-1
CM,10,1,BFS,false,-1
CM,10,1,RA,false,-1
CM,10,1,RA_ER,false,-1
CM,10,2,RANDOM,false,-1
CM,10,2,FIRST,false,-1
CM,10,2,BFS,false,-1
CM,10,2,RA,false,-1
CM,10,2,RA_ER,false,-1
CM,10,3,RANDOM,false,-1
CM,10,3,FIRST,false,-1
CM,10,3,BFS,false,-1
CM,10,3,RA,false,-1
CM,10,3,RA_ER,false,-1
CM,10,4,RANDOM,false,-1
CM,10,4,FIRST,false,-1
CM,10,4,BFS,false,-1
CM,10,4,RA,false,-1
CM,10,4,RA_ER,false,-1
CM,10,5,RANDOM,false,-1
CM,10,5,FIRST,false,-1
CM,10,5,BFS,false,-1
CM,10,5,RA,false,-1
CM,10,5,RA_ER,false,-1
CM,10,6,RANDOM,false,-1
CM,10,6,FIRST,false,-1
CM,10,6,BFS,false,-1
CM,10,6,RA,false,-1
CM,10,6,RA_ER,false,-1
CM,10,7,RANDOM,false,-1
CM,10,7,FIRST,false,-1
CM,10,7,BFS,false,-1
CM,10,7,RA,false,-1
CM,10,7,RA_ER,false,-1
CM,10,8,RANDOM,false,-1
CM,10,8,FIRST,false,-1
CM,10,8,BFS,false,-1
CM,10,8,RA,false,-1
CM,10,8,RA_ER,false,-1
CM,10,9,RANDOM,false,-1
CM,10,9,FIRST,false,-1
CM,10,9,BFS,false,-1
CM,10,9,RA,false,-1
CM,10,9,RA_ER,false,-1
CM,10,10,RANDOM,false,-1
CM,10,10,FIRST,false,-1
CM,10,10,BFS,false,-1
CM,10,10,RA,false,-1
CM,10,10,RA_ER,false,-1
CM,10,11,RANDOM,false,-1
CM,10,11,FIRST,false,-1
CM,10,11,BFS,false,-1
CM,10,11,RA,false,-1
CM,10,11,RA_ER,false,-1
CM,10,12,RANDOM,false,-1
CM,10,12,FIRST,false,-1
CM,10,12,BFS,false,-1
CM,10,12,RA,false,-1
CM,10,12,RA_ER,false,-1
CM,10,13,RANDOM,false,-1
CM,10,13,FIRST,false,-1
CM,10,13,BFS,false,-1
CM,10,13,RA,false,-1
CM,10,13,RA_ER,false,-1
CM,10,14,RANDOM,false,-1
CM,10,14,FIRST,false,-1
CM,10,14,BFS,false,-1
CM,10,14,RA,false,-1
CM,10,14,RA_ER,false,-1
CM,10,15,RANDOM,false,-1
CM,10,15,FIRST,false,-1
CM,10,15,BFS,false,-1
CM,10,15,RA,false,-1
CM,10,15,RA_ER,false,-1
CM,11,1,RANDOM,false,-1
CM,11,1,FIRST,false,-1
CM,11,1,BFS,false,-1
CM,11,1,RA,false,-1
CM,11,1,RA_ER,false,-1
CM,11,2,RANDOM,false,-1
CM,11,2,FIRST,false,-1
CM,11,2,BFS,false,-1
CM,11,2,RA,false,-1
CM,11,2,RA_ER,false,-1
CM,11,3,RANDOM,false,-1
CM,11,3,FIRST,false,-1
CM,11,3,BFS,false,-1
CM,11,3,RA,false,-1
CM,11,3,RA_ER,false,-1
CM,11,4,RANDOM,false,-1
CM,11,4,FIRST,false,-1
CM,11,4,BFS,false,-1
CM,11,4,RA,false,-1
CM,11,4,RA_ER,false,-1
CM,11,5,RANDOM,false,-1
CM,11,5,FIRST,false,-1
CM,11,5,BFS,false,-1
CM,11,5,RA,false,-1
CM,11,5,RA_ER,false,-1
CM,11,6,RANDOM,false,-1
CM,11,6,FIRST,false,-1
CM,11,6,BFS,false,-1
CM,11,6,RA,false,-1
CM,11,6,RA_ER,false,-1
CM,11,7,RANDOM,false,-1
CM,11,7,FIRST,false,-1
CM,11,7,BFS,false,-1
CM,11,7,RA,false,-1
CM,11,7,RA_ER,false,-1
CM,11,8,RANDOM,false,-1
CM,11,8,FIRST,false,-1
CM,11,8,BFS,false,-1
CM,11,8,RA,false,-1
CM,11,8,RA_ER,false,-1
CM,11,9,RANDOM,false,-1
CM,11,9,FIRST,false,-1
CM,11,9,BFS,false,-1
CM,11,9,RA,false,-1
CM,11,9,RA_ER,false,-1
CM,11,10,RANDOM,false,-1
CM,11,10,FIRST,false,-1
CM,11,10,BFS,false,-1
CM,11,10,RA,false,-1
CM,11,10,RA_ER,false,-1
CM,11,11,RANDOM,false,-1
CM,11,11,FIRST,false,-1
CM,11,11,BFS,false,-1
CM,11,11,RA,false,-1
CM,11,11,RA_ER,false,-1
CM,11,12,RANDOM,false,-1
CM,11,12,FIRST,false,-1
CM,11,12,BFS,false,-1
CM,11,12,RA,false,-1
CM,11,12,RA_ER,false,-1
CM,11,13,RANDOM,false,-1
CM,11,13,FIRST,false,-1
CM,11,13,BFS,false,-1
CM,11,13,RA,false,-1
CM,11,13,RA_ER,false,-1
CM,11,14,RANDOM,false,-1
CM,11,14,FIRST,false,-1
CM,11,14,BFS,false,-1
CM,11,14,RA,false,-1
CM,11,14,RA_ER,false,-1
CM,11,15,RANDOM,false,-1
CM,11,15,FIRST,false,-1
CM,11,15,BFS,false,-1
CM,11,15,RA,false,-1
CM,11,15,RA_ER,false,-1
CM,12,1,RANDOM,false,-1
CM,12,1,FIRST,false,-1
CM,12,1,BFS,false,-1
CM,12,1,RA,false,-1
CM,12,1,RA_ER,false,-1
CM,12,2,RANDOM,false,-1
CM,12,2,FIRST,false,-1
CM,12,2,BFS,false,-1
CM,12,2,RA,false,-1
CM,12,2,RA_ER,false,-1
CM,12,3,RANDOM,false,-1
CM,12,3,FIRST,false,-1
CM,12,3,BFS,false,-1
CM,12,3,RA,false,-1
CM,12,3,RA_ER,false,-1
CM,12,4,RANDOM,false,-1
CM,12,4,FIRST,false,-1
CM,12,4,BFS,false,-1
CM,12,4,RA,false,-1
CM,12,4,RA_ER,false,-1
CM,12,5,RANDOM,false,-1
CM,12,5,FIRST,false,-1
CM,12,5,BFS,false,-1
CM,12,5,RA,false,-1
CM,12,5,RA_ER,false,-1
CM,12,6,RANDOM,false,-1
CM,12,6,FIRST,false,-1
CM,12,6,BFS,false,-1
CM,12,6,RA,false,-1
CM,12,6,RA_ER,false,-1
CM,12,7,RANDOM,false,-1
CM,12,7,FIRST,false,-1
CM,12,7,BFS,false,-1
CM,12,7,RA,false,-1
CM,12,7,RA_ER,false,-1
CM,12,8,RANDOM,false,-1
CM,12,8,FIRST,false,-1
CM,12,8,BFS,false,-1
CM,12,8,RA,false,-1
CM,12,8,RA_ER,false,-1
CM,12,9,RANDOM,false,-1
CM,12,9,FIRST,false,-1
CM,12,9,BFS,false,-1
CM,12,9,RA,false,-1
CM,12,9,RA_ER,false,-1
CM,12,10,RANDOM,false,-1
CM,12,10,FIRST,false,-1
CM,12,10,BFS,false,-1
CM,12,10,RA,false,-1
CM,12,10,RA_ER,false,-1
CM,12,11,RANDOM,false,-1
CM,12,11,FIRST,false,-1
CM,12,11,BFS,false,-1
CM,12,11,RA,false,-1
CM,12,11,RA_ER,false,-1
CM,12,12,RANDOM,false,-1
CM,12,12,FIRST,false,-1
CM,12,12,BFS,false,-1
CM,12,12,RA,false,-1
CM,12,12,RA_ER,false,-1
CM,12,13,RANDOM,false,-1
CM,12,13,FIRST,false,-1
CM,12,13,BFS,false,-1
CM,12,13,RA,false,-1
CM,12,13,RA_ER,false,-1
CM,12,14,RANDOM,false,-1
CM,12,14,FIRST,false,-1
CM,12,14,BFS,false,-1
CM,12,14,RA,false,-1
CM,12,14,RA_ER,false,-1
CM,12,15,RANDOM,false,-1
CM,12,15,FIRST,false,-1
CM,12,15,BFS,false,-1
CM,12,15,RA,false,-1
CM,12,15,RA_ER,false,-1
CM,13,1,RANDOM,false,-1
CM,13,1,FIRST,false,-1
CM,13,1,BFS,false,-1
CM,13,1,RA,false,-1
CM,13,1,RA_ER,false,-1
CM,13,2,RANDOM,false,-1
CM,13,2,FIRST,false,-1
CM,13,2,BFS,false,-1
CM,13,2,RA,false,-1
CM,13,2,RA_ER,false,-1
CM,13,3,RANDOM,false,-1
CM,13,3,FIRST,false,-1
CM,13,3,BFS,false,-1
CM,13,3,RA,false,-1
CM,13,3,RA_ER,false,-1
CM,13,4,RANDOM,false,-1
CM,13,4,FIRST,false,-1
CM,13,4,BFS,false,-1
CM,13,4,RA,false,-1
CM,13,4,RA_ER,false,-1
CM,13,5,RANDOM,false,-1
CM,13,5,FIRST,false,-1
CM,13,5,BFS,false,-1
CM,13,5,RA,false,-1
CM,13,5,RA_ER,false,-1
CM,13,6,RANDOM,false,-1
CM,13,6,FIRST,false,-1
CM,13,6,BFS,false,-1
CM,13,6,RA,false,-1
CM,13,6,RA_ER,false,-1
CM,13,7,RANDOM,false,-1
CM,13,7,FIRST,false,-1
CM,13,7,BFS,false,-1
CM,13,7,RA,false,-1
CM,13,7,RA_ER,false,-1
CM,13,8,RANDOM,false,-1
CM,13,8,FIRST,false,-1
CM,13,8,BFS,false,-1
CM,13,8,RA,false,-1
CM,13,8,RA_ER,false,-1
CM,13,9,RANDOM,false,-1
CM,13,9,FIRST,false,-1
CM,13,9,BFS,false,-1
CM,13,9,RA,false,-1
CM,13,9,RA_ER,false,-1
CM,13,10,RANDOM,false,-1
CM,13,10,FIRST,false,-1
CM,13,10,BFS,false,-1
CM,13,10,RA,false,-1
CM,13,10,RA_ER,false,-1
CM,13,11,RANDOM,false,-1
CM,13,11,FIRST,false,-1
CM,13,11,BFS,false,-1
CM,13,11,RA,false,-1
CM,13,11,RA_ER,false,-1
CM,13,12,RANDOM,false,-1
CM,13,12,FIRST,false,-1
CM,13,12,BFS,false,-1
CM,13,12,RA,false,-1
CM,13,12,RA_ER,false,-1
CM,13,13,RANDOM,false,-1
CM,13,13,FIRST,false,-1
CM,13,13,BFS,false,-1
CM,13,13,RA,false,-1
CM,13,13,RA_ER,false,-1
CM,13,14,RANDOM,false,-1
CM,13,14,FIRST,false,-1
CM,13,14,BFS,false,-1
CM,13,14,RA,false,-1
CM,13,14,RA_ER,false,-1
CM,13,15,RANDOM,false,-1
CM,13,15,FIRST,false,-1
CM,13,15,BFS,false,-1
CM,13,15,RA,false,-1
CM,13,15,RA_ER,false,-1
CM,14,1,RANDOM,false,-1
CM,14,1,FIRST,false,-1
CM,14,1,BFS,false,-1
CM,14,1,RA,false,-1
CM,14,1,RA_ER,false,-1
CM,14,2,RANDOM,false,-1
CM,14,2,FIRST,false,-1
CM,14,2,BFS,false,-1
CM,14,2,RA,false,-1
CM,14,2,RA_ER,false,-1
CM,14,3,RANDOM,false,-1
CM,14,3,FIRST,false,-1
CM,14,3,BFS,false,-1
CM,14,3,RA,false,-1
CM,14,3,RA_ER,false,-1
CM,14,4,RANDOM,false,-1
CM,14,4,FIRST,false,-1
CM,14,4,BFS,false,-1
CM,14,4,RA,false,-1
CM,14,4,RA_ER,false,-1
CM,14,5,RANDOM,false,-1
CM,14,5,FIRST,false,-1
CM,14,5,BFS,false,-1
CM,14,5,RA,false,-1
CM,14,5,RA_ER,false,-1
CM,14,6,RANDOM,false,-1
CM,14,6,FIRST,false,-1
CM,14,6,BFS,false,-1
CM,14,6,RA,false,-1
CM,14,6,RA_ER,false,-1
CM,14,7,RANDOM,false,-1
CM,14,7,FIRST,false,-1
CM,14,7,BFS,false,-1
CM,14,7,RA,false,-1
CM,14,7,RA_ER,false,-1
CM,14,8,RANDOM,false,-1
CM,14,8,FIRST,false,-1
CM,14,8,BFS,false,-1
CM,14,8,RA,false,-1
CM,14,8,RA_ER,false,-1
CM,14,9,RANDOM,false,-1
CM,14,9,FIRST,false,-1
CM,14,9,BFS,false,-1
CM,14,9,RA,false,-1
CM,14,9,RA_ER,false,-1
CM,14,10,RANDOM,false,-1
CM,14,10,FIRST,false,-1
CM,14,10,BFS,false,-1
CM,14,10,RA,false,-1
CM,14,10,RA_ER,false,-1
CM,14,11,RANDOM,false,-1
CM,14,11,FIRST,false,-1
CM,14,11,BFS,false,-1
CM,14,11,RA,false,-1
CM,14,11,RA_ER,false,-1
CM,14,12,RANDOM,false,-1
CM,14,12,FIRST,false,-1
CM,14,12,BFS,false,-1
CM,14,12,RA,false,-1
CM,14,12,RA_ER,false,-1
CM,14,13,RANDOM,false,-1
CM,14,13,FIRST,false,-1
CM,14,13,BFS,false,-1
CM,14,13,RA,false,-1
CM,14,13,RA_ER,false,-1
CM,14,14,RANDOM,false,-1
CM,14,14,FIRST,false,-1
CM,14,14,BFS,false,-1
CM,14,14,RA,false,-1
CM,14,14,RA_ER,false,-1
CM,14,15,RANDOM,false,-1
CM,14,15,FIRST,false,-1
CM,14,15,BFS,false,-1
CM,14,15,RA,false,-1
CM,14,15,RA_ER,false,-1
CM,15,1,RANDOM,false,-1
CM,15,1,FIRST,false,-1
CM,15,1,BFS,false,-1
CM,15,1,RA,false,-1
CM,15,1,RA_ER,false,-1
CM,15,2,RANDOM,false,-1
CM,15,2,FIRST,false,-1
CM,15,2,BFS,false,-1
CM,15,2,RA,false,-1
CM,15,2,RA_ER,false,-1
CM,15,3,RANDOM,false,-1
CM,15,3,FIRST,false,-1
CM,15,3,BFS,false,-1
CM,15,3,RA,false,-1
CM,15,3,RA_ER,false,-1
CM,15,4,RANDOM,false,-1
CM,15,4,FIRST,false,-1
CM,15,4,BFS,false,-1
CM,15,4,RA,false,-1
CM,15,4,RA_ER,false,-1
CM,15,5,RANDOM,false,-1
CM,15,5,FIRST,false,-1
CM,15,5,BFS,false,-1
CM,15,5,RA,false,-1
CM,15,5,RA_ER,false,-1
CM,15,6,RANDOM,false,-1
CM,15,6,FIRST,false,-1
CM,15,6,BFS,false,-1
CM,15,6,RA,false,-1
CM,15,6,RA_ER,false,-1
CM,15,7,RANDOM,false,-1
CM,15,7,FIRST,false,-1
CM,15,7,BFS,false,-1
CM,15,7,RA,false,-1
CM,15,7,RA_ER,false,-1
CM,15,8,RANDOM,false,-1
CM,15,8,FIRST,false,-1
CM,15,8,BFS,false,-1
CM,15,8,RA,false,-1
CM,15,8,RA_ER,false,-1
CM,15,9,RANDOM,false,-1
CM,15,9,FIRST,false,-1
CM,15,9,BFS,false,-1
CM,15,9,RA,false,-1
CM,15,9,RA_ER,false,-1
CM,15,10,RANDOM,false,-1
CM,15,10,FIRST,false,-1
CM,15,10,BFS,false,-1
CM,15,10,RA,false,-1
CM,15,10,RA_ER,false,-1
CM,15,11,RANDOM,false,-1
CM,15,11,FIRST,false,-1
CM,15,11,BFS,false,-1
CM,15,11,RA,false,-1
CM,15,11,RA_ER,false,-1
CM,15,12,RANDOM,false,-1
CM,15,12,FIRST,false,-1
CM,15,12,BFS,false,-1
CM,15,12,RA,false,-1
CM,15,12,RA_ER,false,-1
CM,15,13,RANDOM,false,-1
CM,15,13,FIRST,false,-1
CM,15,13,BFS,false,-1
CM,15,13,RA,false,-1
CM,15,13,RA_ER,false,-1
CM,15,14,RANDOM,false,-1
CM,15,14,FIRST,false,-1
CM,15,14,BFS,false,-1
CM,15,14,RA,false,-1
CM,15,14,RA_ER,false,-1
CM,15,15,RANDOM,false,-1
CM,15,15,FIRST,false,-1
CM,15,15,BFS,false,-1
CM,15,15,RA,false,-1
CM,15,15,RA_ER,false,-1
DP,1,1,RANDOM,true,3
DP,1,1,FIRST,true,3
DP,1,1,BFS,true,3
DP,1,1,RA,true,3
DP,1,1,RA_ER,true,3
DP,1,2,RANDOM,true,4
DP,1,2,FIRST,true,4
DP,1,2,BFS,true,4
DP,1,2,RA,true,4
DP,1,2,RA_ER,true,4
DP,1,3,RANDOM,true,5
DP,1,3,FIRST,true,5
DP,1,3,BFS,true,5
DP,1,3,RA,true,5
DP,1,3,RA_ER,true,5
DP,1,4,RANDOM,true,6
DP,1,4,FIRST,true,6
DP,1,4,BFS,true,6
DP,1,4,RA,true,6
DP,1,4,RA_ER,true,6
DP,1,5,RANDOM,true,7
DP,1,5,FIRST,true,7
DP,1,5,BFS,true,7
DP,1,5,RA,true,7
DP,1,5,RA_ER,true,7
DP,1,6,RANDOM,true,8
DP,1,6,FIRST,true,8
DP,1,6,BFS,true,8
DP,1,6,RA,true,8
DP,1,6,RA_ER,true,8
DP,1,7,RANDOM,true,9
DP,1,7,FIRST,true,9
DP,1,7,BFS,true,9
DP,1,7,RA,true,9
DP,1,7,RA_ER,true,9
DP,1,8,RANDOM,true,10
DP,1,8,FIRST,true,10
DP,1,8,BFS,true,10
DP,1,8,RA,true,10
DP,1,8,RA_ER,true,10
DP,1,9,RANDOM,true,11
DP,1,9,FIRST,true,11
DP,1,9,BFS,true,11
DP,1,9,RA,true,11
DP,1,9,RA_ER,true,11
DP,1,10,RANDOM,true,12
DP,1,10,FIRST,true,12
DP,1,10,BFS,true,12
DP,1,10,RA,true,12
DP,1,10,RA_ER,true,12
DP,1,11,RANDOM,true,13
DP,1,11,FIRST,true,13
DP,1,11,BFS,true,13
DP,1,11,RA,true,13
DP,1,11,RA_ER,true,13
DP,1,12,RANDOM,true,14
DP,1,12,FIRST,true,14
DP,1,12,BFS,true,14
DP,1,12,RA,true,14
DP,1,12,RA_ER,true,14
DP,1,13,RANDOM,true,15
DP,1,13,FIRST,true,15
DP,1,13,BFS,true,15
DP,1,13,RA,true,15
DP,1,13,RA_ER,true,15
DP,1,14,RANDOM,true,16
DP,1,14,FIRST,true,16
DP,1,14,BFS,true,16
DP,1,14,RA,true,16
DP,1,14,RA_ER,true,16
DP,1,15,RANDOM,true,17
DP,1,15,FIRST,true,17
DP,1,15,BFS,true,17
DP,1,15,RA,true,17
DP,1,15,RA_ER,true,17
DP,2,1,RANDOM,true,126
DP,2,1,FIRST,true,152
DP,2,1,BFS,true,152
DP,2,1,RA,true,120
DP,2,1,RA_ER,true,47
DP,2,2,RANDOM,true,172
DP,2,2,FIRST,true,200
DP,2,2,BFS,true,200
DP,2,2,RA,true,158
DP,2,2,RA_ER,true,57
DP,2,3,RANDOM,true,238
DP,2,3,FIRST,true,260
DP,2,3,BFS,true,260
DP,2,3,RA,true,204
DP,2,3,RA_ER,true,67
DP,2,4,RANDOM,true,355
DP,2,4,FIRST,true,330
DP,2,4,BFS,true,330
DP,2,4,RA,true,258
DP,2,4,RA_ER,true,77
DP,2,5,RANDOM,true,267
DP,2,5,FIRST,true,408
DP,2,5,BFS,true,408
DP,2,5,RA,true,320
DP,2,5,RA_ER,true,87
DP,2,6,RANDOM,true,446
DP,2,6,FIRST,true,494
DP,2,6,BFS,true,494
DP,2,6,RA,true,390
DP,2,6,RA_ER,true,97
DP,2,7,RANDOM,true,557
DP,2,7,FIRST,true,588
DP,2,7,BFS,true,588
DP,2,7,RA,true,468
DP,2,7,RA_ER,true,107
DP,2,8,RANDOM,true,472
DP,2,8,FIRST,true,690
DP,2,8,BFS,true,690
DP,2,8,RA,true,554
DP,2,8,RA_ER,true,117
DP,2,9,RANDOM,true,788
DP,2,9,FIRST,true,800
DP,2,9,BFS,true,800
DP,2,9,RA,true,648
DP,2,9,RA_ER,true,127
DP,2,10,RANDOM,true,954
DP,2,10,FIRST,true,918
DP,2,10,BFS,true,918
DP,2,10,RA,true,750
DP,2,10,RA_ER,true,137
DP,2,11,RANDOM,true,1174
DP,2,11,FIRST,true,1044
DP,2,11,BFS,true,1044
DP,2,11,RA,true,860
DP,2,11,RA_ER,true,147
DP,2,12,RANDOM,true,1421
DP,2,12,FIRST,true,1178
DP,2,12,BFS,true,1178
DP,2,12,RA,true,978
DP,2,12,RA_ER,true,157
DP,2,13,RANDOM,true,896
DP,2,13,FIRST,true,1320
DP,2,13,BFS,true,1320
DP,2,13,RA,true,1104
DP,2,13,RA_ER,true,167
DP,2,14,RANDOM,true,1638
DP,2,14,FIRST,true,1470
DP,2,14,BFS,true,1470
DP,2,14,RA,true,1238
DP,2,14,RA_ER,true,177
DP,2,15,RANDOM,true,1746
DP,2,15,FIRST,true,1628
DP,2,15,BFS,true,1628
DP,2,15,RA,true,1380
DP,2,15,RA_ER,true,187
DP,3,1,RANDOM,true,1715
DP,3,1,FIRST,true,2268
DP,3,1,BFS,true,2268
DP,3,1,RA,true,1597
DP,3,1,RA_ER,true,253
DP,3,2,RANDOM,false,2500
DP,3,2,FIRST,false,2500
DP,3,2,BFS,false,2500
DP,3,2,RA,false,2500
DP,3,2,RA_ER,true,315
DP,3,3,RANDOM,false,2500
DP,3,3,FIRST,false,2500
DP,3,3,BFS,false,2500
DP,3,3,RA,false,2500
DP,3,3,RA_ER,true,377
DP,3,4,RANDOM,false,2500
DP,3,4,FIRST,false,2500
DP,3,4,BFS,false,2500
DP,3,4,RA,false,2500
DP,3,4,RA_ER,true,439
DP,3,5,RANDOM,false,2500
DP,3,5,FIRST,false,2500
DP,3,5,BFS,false,2500
DP,3,5,RA,false,2500
DP,3,5,RA_ER,true,501
DP,3,6,RANDOM,false,2500
DP,3,6,FIRST,false,2500
DP,3,6,BFS,false,2500
DP,3,6,RA,false,2500
DP,3,6,RA_ER,true,563
DP,3,7,RANDOM,false,2500
DP,3,7,FIRST,false,2500
DP,3,7,BFS,false,2500
DP,3,7,RA,false,2500
DP,3,7,RA_ER,true,625
DP,3,8,RANDOM,false,2500
DP,3,8,FIRST,false,2500
DP,3,8,BFS,false,2500
DP,3,8,RA,false,2500
DP,3,8,RA_ER,true,687
DP,3,9,RANDOM,false,2500
DP,3,9,FIRST,false,2500
DP,3,9,BFS,false,2500
DP,3,9,RA,false,2500
DP,3,9,RA_ER,true,749
DP,3,10,RANDOM,false,2500
DP,3,10,FIRST,false,2500
DP,3,10,BFS,false,2500
DP,3,10,RA,false,2500
DP,3,10,RA_ER,true,811
DP,3,11,RANDOM,false,2500
DP,3,11,FIRST,false,2500
DP,3,11,BFS,false,2500
DP,3,11,RA,false,2500
DP,3,11,RA_ER,true,873
DP,3,12,RANDOM,false,2500
DP,3,12,FIRST,false,2500
DP,3,12,BFS,false,2500
DP,3,12,RA,false,2500
DP,3,12,RA_ER,true,935
DP,3,13,RANDOM,false,2500
DP,3,13,FIRST,false,2500
DP,3,13,BFS,false,2500
DP,3,13,RA,false,2500
DP,3,13,RA_ER,true,997
DP,3,14,RANDOM,false,2500
DP,3,14,FIRST,false,2500
DP,3,14,BFS,false,2500
DP,3,14,RA,false,2500
DP,3,14,RA_ER,true,1059
DP,3,15,RANDOM,false,2500
DP,3,15,FIRST,false,2500
DP,3,15,BFS,false,2500
DP,3,15,RA,false,2500
DP,3,15,RA_ER,true,1121
DP,4,1,RANDOM,false,-1
DP,4,1,FIRST,false,-1
DP,4,1,BFS,false,-1
DP,4,1,RA,false,-1
DP,4,1,RA_ER,true,1406
DP,4,2,RANDOM,false,-1
DP,4,2,FIRST,false,-1
DP,4,2,BFS,false,-1
DP,4,2,RA,false,-1
DP,4,2,RA_ER,true,1770
DP,4,3,RANDOM,false,-1
DP,4,3,FIRST,false,-1
DP,4,3,BFS,false,-1
DP,4,3,RA,false,-1
DP,4,3,RA_ER,true,2134
DP,4,4,RANDOM,false,-1
DP,4,4,FIRST,false,-1
DP,4,4,BFS,false,-1
DP,4,4,RA,false,-1
DP,4,4,RA_ER,true,2498
DP,4,5,RANDOM,false,-1
DP,4,5,FIRST,false,-1
DP,4,5,BFS,false,-1
DP,4,5,RA,false,-1
DP,4,5,RA_ER,false,2500
DP,4,6,RANDOM,false,-1
DP,4,6,FIRST,false,-1
DP,4,6,BFS,false,-1
DP,4,6,RA,false,-1
DP,4,6,RA_ER,false,2500
DP,4,7,RANDOM,false,-1
DP,4,7,FIRST,false,-1
DP,4,7,BFS,false,-1
DP,4,7,RA,false,-1
DP,4,7,RA_ER,false,2500
DP,4,8,RANDOM,false,-1
DP,4,8,FIRST,false,-1
DP,4,8,BFS,false,-1
DP,4,8,RA,false,-1
DP,4,8,RA_ER,false,2500
DP,4,9,RANDOM,false,-1
DP,4,9,FIRST,false,-1
DP,4,9,BFS,false,-1
DP,4,9,RA,false,-1
DP,4,9,RA_ER,false,2500
DP,4,10,RANDOM,false,-1
DP,4,10,FIRST,false,-1
DP,4,10,BFS,false,-1
DP,4,10,RA,false,-1
DP,4,10,RA_ER,false,2500
DP,4,11,RANDOM,false,-1
DP,4,11,FIRST,false,-1
DP,4,11,BFS,false,-1
DP,4,11,RA,false,-1
DP,4,11,RA_ER,false,2500
DP,4,12,RANDOM,false,-1
DP,4,12,FIRST,false,-1
DP,4,12,BFS,false,-1
DP,4,12,RA,false,-1
DP,4,12,RA_ER,false,2500
DP,4,13,RANDOM,false,-1
DP,4,13,FIRST,false,-1
DP,4,13,BFS,false,-1
DP,4,13,RA,false,-1
DP,4,13,RA_ER,false,2500
DP,4,14,RANDOM,false,-1
DP,4,14,FIRST,false,-1
DP,4,14,BFS,false,-1
DP,4,14,RA,false,-1
DP,4,14,RA_ER,false,2500
DP,4,15,RANDOM,false,-1
DP,4,15,FIRST,false,-1
DP,4,15,BFS,false,-1
DP,4,15,RA,false,-1
DP,4,15,RA_ER,false,2500
DP,5,1,RANDOM,false,-1
DP,5,1,FIRST,false,-1
DP,5,1,BFS,false,-1
DP,5,1,RA,false,-1
DP,5,1,RA_ER,false,-1
DP,5,2,RANDOM,false,-1
DP,5,2,FIRST,false,-1
DP,5,2,BFS,false,-1
DP,5,2,RA,false,-1
DP,5,2,RA_ER,false,-1
DP,5,3,RANDOM,false,-1
DP,5,3,FIRST,false,-1
DP,5,3,BFS,false,-1
DP,5,3,RA,false,-1
DP,5,3,RA_ER,false,-1
DP,5,4,RANDOM,false,-1
DP,5,4,FIRST,false,-1
DP,5,4,BFS,false,-1
DP,5,4,RA,false,-1
DP,5,4,RA_ER,false,-1
DP,5,5,RANDOM,false,-1
DP,5,5,FIRST,false,-1
DP,5,5,BFS,false,-1
DP,5,5,RA,false,-1
DP,5,5,RA_ER,false,-1
DP,5,6,RANDOM,false,-1
DP,5,6,FIRST,false,-1
DP,5,6,BFS,false,-1
DP,5,6,RA,false,-1
DP,5,6,RA_ER,false,-1
DP,5,7,RANDOM,false,-1
DP,5,7,FIRST,false,-1
DP,5,7,BFS,false,-1
DP,5,7,RA,false,-1
DP,5,7,RA_ER,false,-1
DP,5,8,RANDOM,false,-1
DP,5,8,FIRST,false,-1
DP,5,8,BFS,false,-1
DP,5,8,RA,false,-1
DP,5,8,RA_ER,false,-1
DP,5,9,RANDOM,false,-1
DP,5,9,FIRST,false,-1
DP,5,9,BFS,false,-1
DP,5,9,RA,false,-1
DP,5,9,RA_ER,false,-1
DP,5,10,RANDOM,false,-1
DP,5,10,FIRST,false,-1
DP,5,10,BFS,false,-1
DP,5,10,RA,false,-1
DP,5,10,RA_ER,false,-1
DP,5,11,RANDOM,false,-1
DP,5,11,FIRST,false,-1
DP,5,11,BFS,false,-1
DP,5,11,RA,false,-1
DP,5,11,RA_ER,false,-1
DP,5,12,RANDOM,false,-1
DP,5,12,FIRST,false,-1
DP,5,12,BFS,false,-1
DP,5,12,RA,false,-1
DP,5,12,RA_ER,false,-1
DP,5,13,RANDOM,false,-1
DP,5,13,FIRST,false,-1
DP,5,13,BFS,false,-1
DP,5,13,RA,false,-1
DP,5,13,RA_ER,false,-1
DP,5,14,RANDOM,false,-1
DP,5,14,FIRST,false,-1
DP,5,14,BFS,false,-1
DP,5,14,RA,false,-1
DP,5,14,RA_ER,false,-1
DP,5,15,RANDOM,false,-1
DP,5,15,FIRST,false,-1
DP,5,15,BFS,false,-1
DP,5,15,RA,false,-1
DP,5,15,RA_ER,false,-1
DP,6,1,RANDOM,false,-1
DP,6,1,FIRST,false,-1
DP,6,1,BFS,false,-1
DP,6,1,RA,false,-1
DP,6,1,RA_ER,false,-1
DP,6,2,RANDOM,false,-1
DP,6,2,FIRST,false,-1
DP,6,2,BFS,false,-1
DP,6,2,RA,false,-1
DP,6,2,RA_ER,false,-1
DP,6,3,RANDOM,false,-1
DP,6,3,FIRST,false,-1
DP,6,3,BFS,false,-1
DP,6,3,RA,false,-1
DP,6,3,RA_ER,false,-1
DP,6,4,RANDOM,false,-1
DP,6,4,FIRST,false,-1
DP,6,4,BFS,false,-1
DP,6,4,RA,false,-1
DP,6,4,RA_ER,false,-1
DP,6,5,RANDOM,false,-1
DP,6,5,FIRST,false,-1
DP,6,5,BFS,false,-1
DP,6,5,RA,false,-1
DP,6,5,RA_ER,false,-1
DP,6,6,RANDOM,false,-1
DP,6,6,FIRST,false,-1
DP,6,6,BFS,false,-1
DP,6,6,RA,false,-1
DP,6,6,RA_ER,false,-1
DP,6,7,RANDOM,false,-1
DP,6,7,FIRST,false,-1
DP,6,7,BFS,false,-1
DP,6,7,RA,false,-1
DP,6,7,RA_ER,false,-1
DP,6,8,RANDOM,false,-1
DP,6,8,FIRST,false,-1
DP,6,8,BFS,false,-1
DP,6,8,RA,false,-1
DP,6,8,RA_ER,false,-1
DP,6,9,RANDOM,false,-1
DP,6,9,FIRST,false,-1
DP,6,9,BFS,false,-1
DP,6,9,RA,false,-1
DP,6,9,RA_ER,false,-1
DP,6,10,RANDOM,false,-1
DP,6,10,FIRST,false,-1
DP,6,10,BFS,false,-1
DP,6,10,RA,false,-1
DP,6,10,RA_ER,false,-1
DP,6,11,RANDOM,false,-1
DP,6,11,FIRST,false,-1
DP,6,11,BFS,false,-1
DP,6,11,RA,false,-1
DP,6,11,RA_ER,false,-1
DP,6,12,RANDOM,false,-1
DP,6,12,FIRST,false,-1
DP,6,12,BFS,false,-1
DP,6,12,RA,false,-1
DP,6,12,RA_ER,false,-1
DP,6,13,RANDOM,false,-1
DP,6,13,FIRST,false,-1
DP,6,13,BFS,false,-1
DP,6,13,RA,false,-1
DP,6,13,RA_ER,false,-1
DP,6,14,RANDOM,false,-1
DP,6,14,FIRST,false,-1
DP,6,14,BFS,false,-1
DP,6,14,RA,false,-1
DP,6,14,RA_ER,false,-1
DP,6,15,RANDOM,false,-1
DP,6,15,FIRST,false,-1
DP,6,15,BFS,false,-1
DP,6,15,RA,false,-1
DP,6,15,RA_ER,false,-1
DP,7,1,RANDOM,false,-1
DP,7,1,FIRST,false,-1
DP,7,1,BFS,false,-1
DP,7,1,RA,false,-1
DP,7,1,RA_ER,false,-1
DP,7,2,RANDOM,false,-1
DP,7,2,FIRST,false,-1
DP,7,2,BFS,false,-1
DP,7,2,RA,false,-1
DP,7,2,RA_ER,false,-1
DP,7,3,RANDOM,false,-1
DP,7,3,FIRST,false,-1
DP,7,3,BFS,false,-1
DP,7,3,RA,false,-1
DP,7,3,RA_ER,false,-1
DP,7,4,RANDOM,false,-1
DP,7,4,FIRST,false,-1
DP,7,4,BFS,false,-1
DP,7,4,RA,false,-1
DP,7,4,RA_ER,false,-1
DP,7,5,RANDOM,false,-1
DP,7,5,FIRST,false,-1
DP,7,5,BFS,false,-1
DP,7,5,RA,false,-1
DP,7,5,RA_ER,false,-1
DP,7,6,RANDOM,false,-1
DP,7,6,FIRST,false,-1
DP,7,6,BFS,false,-1
DP,7,6,RA,false,-1
DP,7,6,RA_ER,false,-1
DP,7,7,RANDOM,false,-1
DP,7,7,FIRST,false,-1
DP,7,7,BFS,false,-1
DP,7,7,RA,false,-1
DP,7,7,RA_ER,false,-1
DP,7,8,RANDOM,false,-1
DP,7,8,FIRST,false,-1
DP,7,8,BFS,false,-1
DP,7,8,RA,false,-1
DP,7,8,RA_ER,false,-1
DP,7,9,RANDOM,false,-1
DP,7,9,FIRST,false,-1
DP,7,9,BFS,false,-1
DP,7,9,RA,false,-1
DP,7,9,RA_ER,false,-1
DP,7,10,RANDOM,false,-1
DP,7,10,FIRST,false,-1
DP,7,10,BFS,false,-1
DP,7,10,RA,false,-1
DP,7,10,RA_ER,false,-1
DP,7,11,RANDOM,false,-1
DP,7,11,FIRST,false,-1
DP,7,11,BFS,false,-1
DP,7,11,RA,false,-1
DP,7,11,RA_ER,false,-1
DP,7,12,RANDOM,false,-1
DP,7,12,FIRST,false,-1
DP,7,12,BFS,false,-1
DP,7,12,RA,false,-1
DP,7,12,RA_ER,false,-1
DP,7,13,RANDOM,false,-1
DP,7,13,FIRST,false,-1
DP,7,13,BFS,false,-1
DP,7,13,RA,false,-1
DP,7,13,RA_ER,false,-1
DP,7,14,RANDOM,false,-1
DP,7,14,FIRST,false,-1
DP,7,14,BFS,false,-1
DP,7,14,RA,false,-1
DP,7,14,RA_ER,false,-1
DP,7,15,RANDOM,false,-1
DP,7,15,FIRST,false,-1
DP,7,15,BFS,false,-1
DP,7,15,RA,false,-1
DP,7,15,RA_ER,false,-1
DP,8,1,RANDOM,false,-1
DP,8,1,FIRST,false,-1
DP,8,1,BFS,false,-1
DP,8,1,RA,false,-1
DP,8,1,RA_ER,false,-1
DP,8,2,RANDOM,false,-1
DP,8,2,FIRST,false,-1
DP,8,2,BFS,false,-1
DP,8,2,RA,false,-1
DP,8,2,RA_ER,false,-1
DP,8,3,RANDOM,false,-1
DP,8,3,FIRST,false,-1
DP,8,3,BFS,false,-1
DP,8,3,RA,false,-1
DP,8,3,RA_ER,false,-1
DP,8,4,RANDOM,false,-1
DP,8,4,FIRST,false,-1
DP,8,4,BFS,false,-1
DP,8,4,RA,false,-1
DP,8,4,RA_ER,false,-1
DP,8,5,RANDOM,false,-1
DP,8,5,FIRST,false,-1
DP,8,5,BFS,false,-1
DP,8,5,RA,false,-1
DP,8,5,RA_ER,false,-1
DP,8,6,RANDOM,false,-1
DP,8,6,FIRST,false,-1
DP,8,6,BFS,false,-1
DP,8,6,RA,false,-1
DP,8,6,RA_ER,false,-1
DP,8,7,RANDOM,false,-1
DP,8,7,FIRST,false,-1
DP,8,7,BFS,false,-1
DP,8,7,RA,false,-1
DP,8,7,RA_ER,false,-1
DP,8,8,RANDOM,false,-1
DP,8,8,FIRST,false,-1
DP,8,8,BFS,false,-1
DP,8,8,RA,false,-1
DP,8,8,RA_ER,false,-1
DP,8,9,RANDOM,false,-1
DP,8,9,FIRST,false,-1
DP,8,9,BFS,false,-1
DP,8,9,RA,false,-1
DP,8,9,RA_ER,false,-1
DP,8,10,RANDOM,false,-1
DP,8,10,FIRST,false,-1
DP,8,10,BFS,false,-1
DP,8,10,RA,false,-1
DP,8,10,RA_ER,false,-1
DP,8,11,RANDOM,false,-1
DP,8,11,FIRST,false,-1
DP,8,11,BFS,false,-1
DP,8,11,RA,false,-1
DP,8,11,RA_ER,false,-1
DP,8,12,RANDOM,false,-1
DP,8,12,FIRST,false,-1
DP,8,12,BFS,false,-1
DP,8,12,RA,false,-1
DP,8,12,RA_ER,false,-1
DP,8,13,RANDOM,false,-1
DP,8,13,FIRST,false,-1
DP,8,13,BFS,false,-1
DP,8,13,RA,false,-1
DP,8,13,RA_ER,false,-1
DP,8,14,RANDOM,false,-1
DP,8,14,FIRST,false,-1
DP,8,14,BFS,false,-1
DP,8,14,RA,false,-1
DP,8,14,RA_ER,false,-1
DP,8,15,RANDOM,false,-1
DP,8,15,FIRST,false,-1
DP,8,15,BFS,false,-1
DP,8,15,RA,false,-1
DP,8,15,RA_ER,false,-1
DP,9,1,RANDOM,false,-1
DP,9,1,FIRST,false,-1
DP,9,1,BFS,false,-1
DP,9,1,RA,false,-1
DP,9,1,RA_ER,false,-1
DP,9,2,RANDOM,false,-1
DP,9,2,FIRST,false,-1
DP,9,2,BFS,false,-1
DP,9,2,RA,false,-1
DP,9,2,RA_ER,false,-1
DP,9,3,RANDOM,false,-1
DP,9,3,FIRST,false,-1
DP,9,3,BFS,false,-1
DP,9,3,RA,false,-1
DP,9,3,RA_ER,false,-1
DP,9,4,RANDOM,false,-1
DP,9,4,FIRST,false,-1
DP,9,4,BFS,false,-1
DP,9,4,RA,false,-1
DP,9,4,RA_ER,false,-1
DP,9,5,RANDOM,false,-1
DP,9,5,FIRST,false,-1
DP,9,5,BFS,false,-1
DP,9,5,RA,false,-1
DP,9,5,RA_ER,false,-1
DP,9,6,RANDOM,false,-1
DP,9,6,FIRST,false,-1
DP,9,6,BFS,false,-1
DP,9,6,RA,false,-1
DP,9,6,RA_ER,false,-1
DP,9,7,RANDOM,false,-1
DP,9,7,FIRST,false,-1
DP,9,7,BFS,false,-1
DP,9,7,RA,false,-1
DP,9,7,RA_ER,false,-1
DP,9,8,RANDOM,false,-1
DP,9,8,FIRST,false,-1
DP,9,8,BFS,false,-1
DP,9,8,RA,false,-1
DP,9,8,RA_ER,false,-1
DP,9,9,RANDOM,false,-1
DP,9,9,FIRST,false,-1
DP,9,9,BFS,false,-1
DP,9,9,RA,false,-1
DP,9,9,RA_ER,false,-1
DP,9,10,RANDOM,false,-1
DP,9,10,FIRST,false,-1
DP,9,10,BFS,false,-1
DP,9,10,RA,false,-1
DP,9,10,RA_ER,false,-1
DP,9,11,RANDOM,false,-1
DP,9,11,FIRST,false,-1
DP,9,11,BFS,false,-1
DP,9,11,RA,false,-1
DP,9,11,RA_ER,false,-1
DP,9,12,RANDOM,false,-1
DP,9,12,FIRST,false,-1
DP,9,12,BFS,false,-1
DP,9,12,RA,false,-1
DP,9,12,RA_ER,false,-1
DP,9,13,RANDOM,false,-1
DP,9,13,FIRST,false,-1
DP,9,13,BFS,false,-1
DP,9,13,RA,false,-1
DP,9,13,RA_ER,false,-1
DP,9,14,RANDOM,false,-1
DP,9,14,FIRST,false,-1
DP,9,14,BFS,false,-1
DP,9,14,RA,false,-1
DP,9,14,RA_ER,false,-1
DP,9,15,RANDOM,false,-1
DP,9,15,FIRST,false,-1
DP,9,15,BFS,false,-1
DP,9,15,RA,false,-1
DP,9,15,RA_ER,false,-1
DP,10,1,RANDOM,false,-1
DP,10,1,FIRST,false,-1
DP,10,1,BFS,false,-1
DP,10,1,RA,false,-1
DP,10,1,RA_ER,false,-1
DP,10,2,RANDOM,false,-1
DP,10,2,FIRST,false,-1
DP,10,2,BFS,false,-1
DP,10,2,RA,false,-1
DP,10,2,RA_ER,false,-1
DP,10,3,RANDOM,false,-1
DP,10,3,FIRST,false,-1
DP,10,3,BFS,false,-1
DP,10,3,RA,false,-1
DP,10,3,RA_ER,false,-1
DP,10,4,RANDOM,false,-1
DP,10,4,FIRST,false,-1
DP,10,4,BFS,false,-1
DP,10,4,RA,false,-1
DP,10,4,RA_ER,false,-1
DP,10,5,RANDOM,false,-1
DP,10,5,FIRST,false,-1
DP,10,5,BFS,false,-1
DP,10,5,RA,false,-1
DP,10,5,RA_ER,false,-1
DP,10,6,RANDOM,false,-1
DP,10,6,FIRST,false,-1
DP,10,6,BFS,false,-1
DP,10,6,RA,false,-1
DP,10,6,RA_ER,false,-1
DP,10,7,RANDOM,false,-1
DP,10,7,FIRST,false,-1
DP,10,7,BFS,false,-1
DP,10,7,RA,false,-1
DP,10,7,RA_ER,false,-1
DP,10,8,RANDOM,false,-1
DP,10,8,FIRST,false,-1
DP,10,8,BFS,false,-1
DP,10,8,RA,false,-1
DP,10,8,RA_ER,false,-1
DP,10,9,RANDOM,false,-1
DP,10,9,FIRST,false,-1
DP,10,9,BFS,false,-1
DP,10,9,RA,false,-1
DP,10,9,RA_ER,false,-1
DP,10,10,RANDOM,false,-1
DP,10,10,FIRST,false,-1
DP,10,10,BFS,false,-1
DP,10,10,RA,false,-1
DP,10,10,RA_ER,false,-1
DP,10,11,RANDOM,false,-1
DP,10,11,FIRST,false,-1
DP,10,11,BFS,false,-1
DP,10,11,RA,false,-1
DP,10,11,RA_ER,false,-1
DP,10,12,RANDOM,false,-1
DP,10,12,FIRST,false,-1
DP,10,12,BFS,false,-1
DP,10,12,RA,false,-1
DP,10,12,RA_ER,false,-1
DP,10,13,RANDOM,false,-1
DP,10,13,FIRST,false,-1
DP,10,13,BFS,false,-1
DP,10,13,RA,false,-1
DP,10,13,RA_ER,false,-1
DP,10,14,RANDOM,false,-1
DP,10,14,FIRST,false,-1
DP,10,14,BFS,false,-1
DP,10,14,RA,false,-1
DP,10,14,RA_ER,false,-1
DP,10,15,RANDOM,false,-1
DP,10,15,FIRST,false,-1
DP,10,15,BFS,false,-1
DP,10,15,RA,false,-1
DP,10,15,RA_ER,false,-1
DP,11,1,RANDOM,false,-1
DP,11,1,FIRST,false,-1
DP,11,1,BFS,false,-1
DP,11,1,RA,false,-1
DP,11,1,RA_ER,false,-1
DP,11,2,RANDOM,false,-1
DP,11,2,FIRST,false,-1
DP,11,2,BFS,false,-1
DP,11,2,RA,false,-1
DP,11,2,RA_ER,false,-1
DP,11,3,RANDOM,false,-1
DP,11,3,FIRST,false,-1
DP,11,3,BFS,false,-1
DP,11,3,RA,false,-1
DP,11,3,RA_ER,false,-1
DP,11,4,RANDOM,false,-1
DP,11,4,FIRST,false,-1
DP,11,4,BFS,false,-1
DP,11,4,RA,false,-1
DP,11,4,RA_ER,false,-1
DP,11,5,RANDOM,false,-1
DP,11,5,FIRST,false,-1
DP,11,5,BFS,false,-1
DP,11,5,RA,false,-1
DP,11,5,RA_ER,false,-1
DP,11,6,RANDOM,false,-1
DP,11,6,FIRST,false,-1
DP,11,6,BFS,false,-1
DP,11,6,RA,false,-1
DP,11,6,RA_ER,false,-1
DP,11,7,RANDOM,false,-1
DP,11,7,FIRST,false,-1
DP,11,7,BFS,false,-1
DP,11,7,RA,false,-1
DP,11,7,RA_ER,false,-1
DP,11,8,RANDOM,false,-1
DP,11,8,FIRST,false,-1
DP,11,8,BFS,false,-1
DP,11,8,RA,false,-1
DP,11,8,RA_ER,false,-1
DP,11,9,RANDOM,false,-1
DP,11,9,FIRST,false,-1
DP,11,9,BFS,false,-1
DP,11,9,RA,false,-1
DP,11,9,RA_ER,false,-1
DP,11,10,RANDOM,false,-1
DP,11,10,FIRST,false,-1
DP,11,10,BFS,false,-1
DP,11,10,RA,false,-1
DP,11,10,RA_ER,false,-1
DP,11,11,RANDOM,false,-1
DP,11,11,FIRST,false,-1
DP,11,11,BFS,false,-1
DP,11,11,RA,false,-1
DP,11,11,RA_ER,false,-1
DP,11,12,RANDOM,false,-1
DP,11,12,FIRST,false,-1
DP,11,12,BFS,false,-1
DP,11,12,RA,false,-1
DP,11,12,RA_ER,false,-1
DP,11,13,RANDOM,false,-1
DP,11,13,FIRST,false,-1
DP,11,13,BFS,false,-1
DP,11,13,RA,false,-1
DP,11,13,RA_ER,false,-1
DP,11,14,RANDOM,false,-1
DP,11,14,FIRST,false,-1
DP,11,14,BFS,false,-1
DP,11,14,RA,false,-1
DP,11,14,RA_ER,false,-1
DP,11,15,RANDOM,false,-1
DP,11,15,FIRST,false,-1
DP,11,15,BFS,false,-1
DP,11,15,RA,false,-1
DP,11,15,RA_ER,false,-1
DP,12,1,RANDOM,false,-1
DP,12,1,FIRST,false,-1
DP,12,1,BFS,false,-1
DP,12,1,RA,false,-1
DP,12,1,RA_ER,false,-1
DP,12,2,RANDOM,false,-1
DP,12,2,FIRST,false,-1
DP,12,2,BFS,false,-1
DP,12,2,RA,false,-1
DP,12,2,RA_ER,false,-1
DP,12,3,RANDOM,false,-1
DP,12,3,FIRST,false,-1
DP,12,3,BFS,false,-1
DP,12,3,RA,false,-1
DP,12,3,RA_ER,false,-1
DP,12,4,RANDOM,false,-1
DP,12,4,FIRST,false,-1
DP,12,4,BFS,false,-1
DP,12,4,RA,false,-1
DP,12,4,RA_ER,false,-1
DP,12,5,RANDOM,false,-1
DP,12,5,FIRST,false,-1
DP,12,5,BFS,false,-1
DP,12,5,RA,false,-1
DP,12,5,RA_ER,false,-1
DP,12,6,RANDOM,false,-1
DP,12,6,FIRST,false,-1
DP,12,6,BFS,false,-1
DP,12,6,RA,false,-1
DP,12,6,RA_ER,false,-1
DP,12,7,RANDOM,false,-1
DP,12,7,FIRST,false,-1
DP,12,7,BFS,false,-1
DP,12,7,RA,false,-1
DP,12,7,RA_ER,false,-1
DP,12,8,RANDOM,false,-1
DP,12,8,FIRST,false,-1
DP,12,8,BFS,false,-1
DP,12,8,RA,false,-1
DP,12,8,RA_ER,false,-1
DP,12,9,RANDOM,false,-1
DP,12,9,FIRST,false,-1
DP,12,9,BFS,false,-1
DP,12,9,RA,false,-1
DP,12,9,RA_ER,false,-1
DP,12,10,RANDOM,false,-1
DP,12,10,FIRST,false,-1
DP,12,10,BFS,false,-1
DP,12,10,RA,false,-1
DP,12,10,RA_ER,false,-1
DP,12,11,RANDOM,false,-1
DP,12,11,FIRST,false,-1
DP,12,11,BFS,false,-1
DP,12,11,RA,false,-1
DP,12,11,RA_ER,false,-1
DP,12,12,RANDOM,false,-1
DP,12,12,FIRST,false,-1
DP,12,12,BFS,false,-1
DP,12,12,RA,false,-1
DP,12,12,RA_ER,false,-1
DP,12,13,RANDOM,false,-1
DP,12,13,FIRST,false,-1
DP,12,13,BFS,false,-1
DP,12,13,RA,false,-1
DP,12,13,RA_ER,false,-1
DP,12,14,RANDOM,false,-1
DP,12,14,FIRST,false,-1
DP,12,14,BFS,false,-1
DP,12,14,RA,false,-1
DP,12,14,RA_ER,false,-1
DP,12,15,RANDOM,false,-1
DP,12,15,FIRST,false,-1
DP,12,15,BFS,false,-1
DP,12,15,RA,false,-1
DP,12,15,RA_ER,false,-1
DP,13,1,RANDOM,false,-1
DP,13,1,FIRST,false,-1
DP,13,1,BFS,false,-1
DP,13,1,RA,false,-1
DP,13,1,RA_ER,false,-1
DP,13,2,RANDOM,false,-1
DP,13,2,FIRST,false,-1
DP,13,2,BFS,false,-1
DP,13,2,RA,false,-1
DP,13,2,RA_ER,false,-1
DP,13,3,RANDOM,false,-1
DP,13,3,FIRST,false,-1
DP,13,3,BFS,false,-1
DP,13,3,RA,false,-1
DP,13,3,RA_ER,false,-1
DP,13,4,RANDOM,false,-1
DP,13,4,FIRST,false,-1
DP,13,4,BFS,false,-1
DP,13,4,RA,false,-1
DP,13,4,RA_ER,false,-1
DP,13,5,RANDOM,false,-1
DP,13,5,FIRST,false,-1
DP,13,5,BFS,false,-1
DP,13,5,RA,false,-1
DP,13,5,RA_ER,false,-1
DP,13,6,RANDOM,false,-1
DP,13,6,FIRST,false,-1
DP,13,6,BFS,false,-1
DP,13,6,RA,false,-1
DP,13,6,RA_ER,false,-1
DP,13,7,RANDOM,false,-1
DP,13,7,FIRST,false,-1
DP,13,7,BFS,false,-1
DP,13,7,RA,false,-1
DP,13,7,RA_ER,false,-1
DP,13,8,RANDOM,false,-1
DP,13,8,FIRST,false,-1
DP,13,8,BFS,false,-1
DP,13,8,RA,false,-1
DP,13,8,RA_ER,false,-1
DP,13,9,RANDOM,false,-1
DP,13,9,FIRST,false,-1
DP,13,9,BFS,false,-1
DP,13,9,RA,false,-1
DP,13,9,RA_ER,false,-1
DP,13,10,RANDOM,false,-1
DP,13,10,FIRST,false,-1
DP,13,10,BFS,false,-1
DP,13,10,RA,false,-1
DP,13,10,RA_ER,false,-1
DP,13,11,RANDOM,false,-1
DP,13,11,FIRST,false,-1
DP,13,11,BFS,false,-1
DP,13,11,RA,false,-1
DP,13,11,RA_ER,false,-1
DP,13,12,RANDOM,false,-1
DP,13,12,FIRST,false,-1
DP,13,12,BFS,false,-1
DP,13,12,RA,false,-1
DP,13,12,RA_ER,false,-1
DP,13,13,RANDOM,false,-1
DP,13,13,FIRST,false,-1
DP,13,13,BFS,false,-1
DP,13,13,RA,false,-1
DP,13,13,RA_ER,false,-1
DP,13,14,RANDOM,false,-1
DP,13,14,FIRST,false,-1
DP,13,14,BFS,false,-1
DP,13,14,RA,false,-1
DP,13,14,RA_ER,false,-1
DP,13,15,RANDOM,false,-1
DP,13,15,FIRST,false,-1
DP,13,15,BFS,false,-1
DP,13,15,RA,false,-1
DP,13,15,RA_ER,false,-1
DP,14,1,RANDOM,false,-1
DP,14,1,FIRST,false,-1
DP,14,1,BFS,false,-1
DP,14,1,RA,false,-1
DP,14,1,RA_ER,false,-1
DP,14,2,RANDOM,false,-1
DP,14,2,FIRST,false,-1
DP,14,2,BFS,false,-1
DP,14,2,RA,false,-1
DP,14,2,RA_ER,false,-1
DP,14,3,RANDOM,false,-1
DP,14,3,FIRST,false,-1
DP,14,3,BFS,false,-1
DP,14,3,RA,false,-1
DP,14,3,RA_ER,false,-1
DP,14,4,RANDOM,false,-1
DP,14,4,FIRST,false,-1
DP,14,4,BFS,false,-1
DP,14,4,RA,false,-1
DP,14,4,RA_ER,false,-1
DP,14,5,RANDOM,false,-1
DP,14,5,FIRST,false,-1
DP,14,5,BFS,false,-1
DP,14,5,RA,false,-1
DP,14,5,RA_ER,false,-1
DP,14,6,RANDOM,false,-1
DP,14,6,FIRST,false,-1
DP,14,6,BFS,false,-1
DP,14,6,RA,false,-1
DP,14,6,RA_ER,false,-1
DP,14,7,RANDOM,false,-1
DP,14,7,FIRST,false,-1
DP,14,7,BFS,false,-1
DP,14,7,RA,false,-1
DP,14,7,RA_ER,false,-1
DP,14,8,RANDOM,false,-1
DP,14,8,FIRST,false,-1
DP,14,8,BFS,false,-1
DP,14,8,RA,false,-1
DP,14,8,RA_ER,false,-1
DP,14,9,RANDOM,false,-1
DP,14,9,FIRST,false,-1
DP,14,9,BFS,false,-1
DP,14,9,RA,false,-1
DP,14,9,RA_ER,false,-1
DP,14,10,RANDOM,false,-1
DP,14,10,FIRST,false,-1
DP,14,10,BFS,false,-1
DP,14,10,RA,false,-1
DP,14,10,RA_ER,false,-1
DP,14,11,RANDOM,false,-1
DP,14,11,FIRST,false,-1
DP,14,11,BFS,false,-1
DP,14,11,RA,false,-1
DP,14,11,RA_ER,false,-1
DP,14,12,RANDOM,false,-1
DP,14,12,FIRST,false,-1
DP,14,12,BFS,false,-1
DP,14,12,RA,false,-1
DP,14,12,RA_ER,false,-1
DP,14,13,RANDOM,false,-1
DP,14,13,FIRST,false,-1
DP,14,13,BFS,false,-1
DP,14,13,RA,false,-1
DP,14,13,RA_ER,false,-1
DP,14,14,RANDOM,false,-1
DP,14,14,FIRST,false,-1
DP,14,14,BFS,false,-1
DP,14,14,RA,false,-1
DP,14,14,RA_ER,false,-1
DP,14,15,RANDOM,false,-1
DP,14,15,FIRST,false,-1
DP,14,15,BFS,false,-1
DP,14,15,RA,false,-1
DP,14,15,RA_ER,false,-1
DP,15,1,RANDOM,false,-1
DP,15,1,FIRST,false,-1
DP,15,1,BFS,false,-1
DP,15,1,RA,false,-1
DP,15,1,RA_ER,false,-1
DP,15,2,RANDOM,false,-1
DP,15,2,FIRST,false,-1
DP,15,2,BFS,false,-1
DP,15,2,RA,false,-1
DP,15,2,RA_ER,false,-1
DP,15,3,RANDOM,false,-1
DP,15,3,FIRST,false,-1
DP,15,3,BFS,false,-1
DP,15,3,RA,false,-1
DP,15,3,RA_ER,false,-1
DP,15,4,RANDOM,false,-1
DP,15,4,FIRST,false,-1
DP,15,4,BFS,false,-1
DP,15,4,RA,false,-1
DP,15,4,RA_ER,false,-1
DP,15,5,RANDOM,false,-1
DP,15,5,FIRST,false,-1
DP,15,5,BFS,false,-1
DP,15,5,RA,false,-1
DP,15,5,RA_ER,false,-1
DP,15,6,RANDOM,false,-1
DP,15,6,FIRST,false,-1
DP,15,6,BFS,false,-1
DP,15,6,RA,false,-1
DP,15,6,RA_ER,false,-1
DP,15,7,RANDOM,false,-1
DP,15,7,FIRST,false,-1
DP,15,7,BFS,false,-1
DP,15,7,RA,false,-1
DP,15,7,RA_ER,false,-1
DP,15,8,RANDOM,false,-1
DP,15,8,FIRST,false,-1
DP,15,8,BFS,false,-1
DP,15,8,RA,false,-1
DP,15,8,RA_ER,false,-1
DP,15,9,RANDOM,false,-1
DP,15,9,FIRST,false,-1
DP,15,9,BFS,false,-1
DP,15,9,RA,false,-1
DP,15,9,RA_ER,false,-1
DP,15,10,RANDOM,false,-1
DP,15,10,FIRST,false,-1
DP,15,10,BFS,false,-1
DP,15,10,RA,false,-1
DP,15,10,RA_ER,false,-1
DP,15,11,RANDOM,false,-1
DP,15,11,FIRST,false,-1
DP,15,11,BFS,false,-1
DP,15,11,RA,false,-1
DP,15,11,RA_ER,false,-1
DP,15,12,RANDOM,false,-1
DP,15,12,FIRST,false,-1
DP,15,12,BFS,false,-1
DP,15,12,RA,false,-1
DP,15,12,RA_ER,false,-1
DP,15,13,RANDOM,false,-1
DP,15,13,FIRST,false,-1
DP,15,13,BFS,false,-1
DP,15,13,RA,false,-1
DP,15,13,RA_ER,false,-1
DP,15,14,RANDOM,false,-1
DP,15,14,FIRST,false,-1
DP,15,14,BFS,false,-1
DP,15,14,RA,false,-1
DP,15,14,RA_ER,false,-1
DP,15,15,RANDOM,false,-1
DP,15,15,FIRST,false,-1
DP,15,15,BFS,false,-1
DP,15,15,RA,false,-1
DP,15,15,RA_ER,false,-1
TA,1,1,RANDOM,true,33
TA,1,1,FIRST,true,33
TA,1,1,BFS,true,33
TA,1,1,RA,true,20
TA,1,1,RA_ER,true,31
TA,1,2,RANDOM,true,34
TA,1,2,FIRST,true,36
TA,1,2,BFS,true,36
TA,1,2,RA,true,23
TA,1,2,RA_ER,true,34
TA,1,3,RANDOM,true,39
TA,1,3,FIRST,true,39
TA,1,3,BFS,true,39
TA,1,3,RA,true,26
TA,1,3,RA_ER,true,37
TA,1,4,RANDOM,true,40
TA,1,4,FIRST,true,42
TA,1,4,BFS,true,42
TA,1,4,RA,true,29
TA,1,4,RA_ER,true,40
TA,1,5,RANDOM,true,45
TA,1,5,FIRST,true,45
TA,1,5,BFS,true,45
TA,1,5,RA,true,32
TA,1,5,RA_ER,true,43
TA,1,6,RANDOM,true,48
TA,1,6,FIRST,true,48
TA,1,6,BFS,true,48
TA,1,6,RA,true,35
TA,1,6,RA_ER,true,46
TA,1,7,RANDOM,true,49
TA,1,7,FIRST,true,51
TA,1,7,BFS,true,51
TA,1,7,RA,true,38
TA,1,7,RA_ER,true,49
TA,1,8,RANDOM,true,53
TA,1,8,FIRST,true,54
TA,1,8,BFS,true,54
TA,1,8,RA,true,41
TA,1,8,RA_ER,true,52
TA,1,9,RANDOM,true,57
TA,1,9,FIRST,true,57
TA,1,9,BFS,true,57
TA,1,9,RA,true,44
TA,1,9,RA_ER,true,55
TA,1,10,RANDOM,true,59
TA,1,10,FIRST,true,60
TA,1,10,BFS,true,60
TA,1,10,RA,true,47
TA,1,10,RA_ER,true,58
TA,1,11,RANDOM,true,62
TA,1,11,FIRST,true,63
TA,1,11,BFS,true,63
TA,1,11,RA,true,50
TA,1,11,RA_ER,true,61
TA,1,12,RANDOM,true,64
TA,1,12,FIRST,true,66
TA,1,12,BFS,true,66
TA,1,12,RA,true,53
TA,1,12,RA_ER,true,64
TA,1,13,RANDOM,true,68
TA,1,13,FIRST,true,69
TA,1,13,BFS,true,69
TA,1,13,RA,true,56
TA,1,13,RA_ER,true,67
TA,1,14,RANDOM,true,70
TA,1,14,FIRST,true,72
TA,1,14,BFS,true,72
TA,1,14,RA,true,59
TA,1,14,RA_ER,true,70
TA,1,15,RANDOM,true,73
TA,1,15,FIRST,true,75
TA,1,15,BFS,true,75
TA,1,15,RA,true,62
TA,1,15,RA_ER,true,73
TA,2,1,RANDOM,true,271
TA,2,1,FIRST,true,316
TA,2,1,BFS,true,316
TA,2,1,RA,true,173
TA,2,1,RA_ER,true,178
TA,2,2,RANDOM,true,341
TA,2,2,FIRST,true,360
TA,2,2,BFS,true,360
TA,2,2,RA,true,182
TA,2,2,RA_ER,true,187
TA,2,3,RANDOM,true,380
TA,2,3,FIRST,true,404
TA,2,3,BFS,true,404
TA,2,3,RA,true,191
TA,2,3,RA_ER,true,196
TA,2,4,RANDOM,true,417
TA,2,4,FIRST,true,448
TA,2,4,BFS,true,448
TA,2,4,RA,true,200
TA,2,4,RA_ER,true,205
TA,2,5,RANDOM,true,492
TA,2,5,FIRST,true,492
TA,2,5,BFS,true,492
TA,2,5,RA,true,209
TA,2,5,RA_ER,true,214
TA,2,6,RANDOM,true,479
TA,2,6,FIRST,true,536
TA,2,6,BFS,true,536
TA,2,6,RA,true,218
TA,2,6,RA_ER,true,223
TA,2,7,RANDOM,true,566
TA,2,7,FIRST,true,580
TA,2,7,BFS,true,580
TA,2,7,RA,true,227
TA,2,7,RA_ER,true,232
TA,2,8,RANDOM,true,606
TA,2,8,FIRST,true,624
TA,2,8,BFS,true,624
TA,2,8,RA,true,236
TA,2,8,RA_ER,true,241
TA,2,9,RANDOM,true,649
TA,2,9,FIRST,true,668
TA,2,9,BFS,true,668
TA,2,9,RA,true,245
TA,2,9,RA_ER,true,250
TA,2,10,RANDOM,true,683
TA,2,10,FIRST,true,712
TA,2,10,BFS,true,712
TA,2,10,RA,true,254
TA,2,10,RA_ER,true,259
TA,2,11,RANDOM,true,718
TA,2,11,FIRST,true,756
TA,2,11,BFS,true,756
TA,2,11,RA,true,263
TA,2,11,RA_ER,true,268
TA,2,12,RANDOM,true,742
TA,2,12,FIRST,true,800
TA,2,12,BFS,true,800
TA,2,12,RA,true,272
TA,2,12,RA_ER,true,277
TA,2,13,RANDOM,true,830
TA,2,13,FIRST,true,844
TA,2,13,BFS,true,844
TA,2,13,RA,true,281
TA,2,13,RA_ER,true,286
TA,2,14,RANDOM,true,852
TA,2,14,FIRST,true,888
TA,2,14,BFS,true,888
TA,2,14,RA,true,290
TA,2,14,RA_ER,true,295
TA,2,15,RANDOM,true,909
TA,2,15,FIRST,true,932
TA,2,15,BFS,true,932
TA,2,15,RA,true,299
TA,2,15,RA_ER,true,304
TA,3,1,RANDOM,true,2496
TA,3,1,FIRST,false,2500
TA,3,1,BFS,false,2500
TA,3,1,RA,true,1472
TA,3,1,RA_ER,true,858
TA,3,2,RANDOM,false,2500
TA,3,2,FIRST,false,2500
TA,3,2,BFS,false,2500
TA,3,2,RA,true,1493
TA,3,2,RA_ER,true,879
TA,3,3,RANDOM,false,2500
TA,3,3,FIRST,false,2500
TA,3,3,BFS,false,2500
TA,3,3,RA,true,1514
TA,3,3,RA_ER,true,900
TA,3,4,RANDOM,false,2500
TA,3,4,FIRST,false,2500
TA,3,4,BFS,false,2500
TA,3,4,RA,true,1535
TA,3,4,RA_ER,true,921
TA,3,5,RANDOM,false,2500
TA,3,5,FIRST,false,2500
TA,3,5,BFS,false,2500
TA,3,5,RA,true,1556
TA,3,5,RA_ER,true,942
TA,3,6,RANDOM,false,2500
TA,3,6,FIRST,false,2500
TA,3,6,BFS,false,2500
TA,3,6,RA,true,1577
TA,3,6,RA_ER,true,963
TA,3,7,RANDOM,false,2500
TA,3,7,FIRST,false,2500
TA,3,7,BFS,false,2500
TA,3,7,RA,true,1598
TA,3,7,RA_ER,true,984
TA,3,8,RANDOM,false,2500
TA,3,8,FIRST,false,2500
TA,3,8,BFS,false,2500
TA,3,8,RA,true,1619
TA,3,8,RA_ER,true,1005
TA,3,9,RANDOM,false,2500
TA,3,9,FIRST,false,2500
TA,3,9,BFS,false,2500
TA,3,9,RA,true,1640
TA,3,9,RA_ER,true,1026
TA,3,10,RANDOM,false,2500
TA,3,10,FIRST,false,2500
TA,3,10,BFS,false,2500
TA,3,10,RA,true,1661
TA,3,10,RA_ER,true,1047
TA,3,11,RANDOM,false,2500
TA,3,11,FIRST,false,2500
TA,3,11,BFS,false,2500
TA,3,11,RA,true,1682
TA,3,11,RA_ER,true,1068
TA,3,12,RANDOM,false,2500
TA,3,12,FIRST,false,2500
TA,3,12,BFS,false,2500
TA,3,12,RA,true,1703
TA,3,12,RA_ER,true,1089
TA,3,13,RANDOM,false,2500
TA,3,13,FIRST,false,2500
TA,3,13,BFS,false,2500
TA,3,13,RA,true,1724
TA,3,13,RA_ER,true,1110
TA,3,14,RANDOM,false,2500
TA,3,14,FIRST,false,2500
TA,3,14,BFS,false,2500
TA,3,14,RA,true,1745
TA,3,14,RA_ER,true,1131
TA,3,15,RANDOM,false,2500
TA,3,15,FIRST,false,2500
TA,3,15,BFS,false,2500
TA,3,15,RA,true,1766
TA,3,15,RA_ER,true,1152
TA,4,1,RANDOM,false,-1
TA,4,1,FIRST,false,-1
TA,4,1,BFS,false,-1
TA,4,1,RA,false,2500
TA,4,1,RA_ER,false,2500
TA,4,2,RANDOM,false,-1
TA,4,2,FIRST,false,-1
TA,4,2,BFS,false,-1
TA,4,2,RA,false,2500
TA,4,2,RA_ER,false,2500
TA,4,3,RANDOM,false,-1
TA,4,3,FIRST,false,-1
TA,4,3,BFS,false,-1
TA,4,3,RA,false,2500
TA,4,3,RA_ER,false,2500
TA,4,4,RANDOM,false,-1
TA,4,4,FIRST,false,-1
TA,4,4,BFS,false,-1
TA,4,4,RA,false,2500
TA,4,4,RA_ER,false,2500
TA,4,5,RANDOM,false,-1
TA,4,5,FIRST,false,-1
TA,4,5,BFS,false,-1
TA,4,5,RA,false,2500
TA,4,5,RA_ER,false,2500
TA,4,6,RANDOM,false,-1
TA,4,6,FIRST,false,-1
TA,4,6,BFS,false,-1
TA,4,6,RA,false,2500
TA,4,6,RA_ER,false,2500
TA,4,7,RANDOM,false,-1
TA,4,7,FIRST,false,-1
TA,4,7,BFS,false,-1
TA,4,7,RA,false,2500
TA,4,7,RA_ER,false,2500
TA,4,8,RANDOM,false,-1
TA,4,8,FIRST,false,-1
TA,4,8,BFS,false,-1
TA,4,8,RA,false,2500
TA,4,8,RA_ER,false,2500
TA,4,9,RANDOM,false,-1
TA,4,9,FIRST,false,-1
TA,4,9,BFS,false,-1
TA,4,9,RA,false,2500
TA,4,9,RA_ER,false,2500
TA,4,10,RANDOM,false,-1
TA,4,10,FIRST,false,-1
TA,4,10,BFS,false,-1
TA,4,10,RA,false,2500
TA,4,10,RA_ER,false,2500
TA,4,11,RANDOM,false,-1
TA,4,11,FIRST,false,-1
TA,4,11,BFS,false,-1
TA,4,11,RA,false,2500
TA,4,11,RA_ER,false,2500
TA,4,12,RANDOM,false,-1
TA,4,12,FIRST,false,-1
TA,4,12,BFS,false,-1
TA,4,12,RA,false,2500
TA,4,12,RA_ER,false,2500
TA,4,13,RANDOM,false,-1
TA,4,13,FIRST,false,-1
TA,4,13,BFS,false,-1
TA,4,13,RA,false,2500
TA,4,13,RA_ER,false,2500
TA,4,14,RANDOM,false,-1
TA,4,14,FIRST,false,-1
TA,4,14,BFS,false,-1
TA,4,14,RA,false,2500
TA,4,14,RA_ER,false,2500
TA,4,15,RANDOM,false,-1
TA,4,15,FIRST,false,-1
TA,4,15,BFS,false,-1
TA,4,15,RA,false,2500
TA,4,15,RA_ER,false,2500
TA,5,1,RANDOM,false,-1
TA,5,1,FIRST,false,-1
TA,5,1,BFS,false,-1
TA,5,1,RA,false,-1
TA,5,1,RA_ER,false,-1
TA,5,2,RANDOM,false,-1
TA,5,2,FIRST,false,-1
TA,5,2,BFS,false,-1
TA,5,2,RA,false,-1
TA,5,2,RA_ER,false,-1
TA,5,3,RANDOM,false,-1
TA,5,3,FIRST,false,-1
TA,5,3,BFS,false,-1
TA,5,3,RA,false,-1
TA,5,3,RA_ER,false,-1
TA,5,4,RANDOM,false,-1
TA,5,4,FIRST,false,-1
TA,5,4,BFS,false,-1
TA,5,4,RA,false,-1
TA,5,4,RA_ER,false,-1
TA,5,5,RANDOM,false,-1
TA,5,5,FIRST,false,-1
TA,5,5,BFS,false,-1
TA,5,5,RA,false,-1
TA,5,5,RA_ER,false,-1
TA,5,6,RANDOM,false,-1
TA,5,6,FIRST,false,-1
TA,5,6,BFS,false,-1
TA,5,6,RA,false,-1
TA,5,6,RA_ER,false,-1
TA,5,7,RANDOM,false,-1
TA,5,7,FIRST,false,-1
TA,5,7,BFS,false,-1
TA,5,7,RA,false,-1
TA,5,7,RA_ER,false,-1
TA,5,8,RANDOM,false,-1
TA,5,8,FIRST,false,-1
TA,5,8,BFS,false,-1
TA,5,8,RA,false,-1
TA,5,8,RA_ER,false,-1
TA,5,9,RANDOM,false,-1
TA,5,9,FIRST,false,-1
TA,5,9,BFS,false,-1
TA,5,9,RA,false,-1
TA,5,9,RA_ER,false,-1
TA,5,10,RANDOM,false,-1
TA,5,10,FIRST,false,-1
TA,5,10,BFS,false,-1
TA,5,10,RA,false,-1
TA,5,10,RA_ER,false,-1
TA,5,11,RANDOM,false,-1
TA,5,11,FIRST,false,-1
TA,5,11,BFS,false,-1
TA,5,11,RA,false,-1
TA,5,11,RA_ER,false,-1
TA,5,12,RANDOM,false,-1
TA,5,12,FIRST,false,-1
TA,5,12,BFS,false,-1
TA,5,12,RA,false,-1
TA,5,12,RA_ER,false,-1
TA,5,13,RANDOM,false,-1
TA,5,13,FIRST,false,-1
TA,5,13,BFS,false,-1
TA,5,13,RA,false,-1
TA,5,13,RA_ER,false,-1
TA,5,14,RANDOM,false,-1
TA,5,14,FIRST,false,-1
TA,5,14,BFS,false,-1
TA,5,14,RA,false,-1
TA,5,14,RA_ER,false,-1
TA,5,15,RANDOM,false,-1
TA,5,15,FIRST,false,-1
TA,5,15,BFS,false,-1
TA,5,15,RA,false,-1
TA,5,15,RA_ER,false,-1
TA,6,1,RANDOM,false,-1
TA,6,1,FIRST,false,-1
TA,6,1,BFS,false,-1
TA,6,1,RA,false,-1
TA,6,1,RA_ER,false,-1
TA,6,2,RANDOM,false,-1
TA,6,2,FIRST,false,-1
TA,6,2,BFS,false,-1
TA,6,2,RA,false,-1
TA,6,2,RA_ER,false,-1
TA,6,3,RANDOM,false,-1
TA,6,3,FIRST,false,-1
TA,6,3,BFS,false,-1
TA,6,3,RA,false,-1
TA,6,3,RA_ER,false,-1
TA,6,4,RANDOM,false,-1
TA,6,4,FIRST,false,-1
TA,6,4,BFS,false,-1
TA,6,4,RA,false,-1
TA,6,4,RA_ER,false,-1
TA,6,5,RANDOM,false,-1
TA,6,5,FIRST,false,-1
TA,6,5,BFS,false,-1
TA,6,5,RA,false,-1
TA,6,5,RA_ER,false,-1
TA,6,6,RANDOM,false,-1
TA,6,6,FIRST,false,-1
TA,6,6,BFS,false,-1
TA,6,6,RA,false,-1
TA,6,6,RA_ER,false,-1
TA,6,7,RANDOM,false,-1
TA,6,7,FIRST,false,-1
TA,6,7,BFS,false,-1
TA,6,7,RA,false,-1
TA,6,7,RA_ER,false,-1
TA,6,8,RANDOM,false,-1
TA,6,8,FIRST,false,-1
TA,6,8,BFS,false,-1
TA,6,8,RA,false,-1
TA,6,8,RA_ER,false,-1
TA,6,9,RANDOM,false,-1
TA,6,9,FIRST,false,-1
TA,6,9,BFS,false,-1
TA,6,9,RA,false,-1
TA,6,9,RA_ER,false,-1
TA,6,10,RANDOM,false,-1
TA,6,10,FIRST,false,-1
TA,6,10,BFS,false,-1
TA,6,10,RA,false,-1
TA,6,10,RA_ER,false,-1
TA,6,11,RANDOM,false,-1
TA,6,11,FIRST,false,-1
TA,6,11,BFS,false,-1
TA,6,11,RA,false,-1
TA,6,11,RA_ER,false,-1
TA,6,12,RANDOM,false,-1
TA,6,12,FIRST,false,-1
TA,6,12,BFS,false,-1
TA,6,12,RA,false,-1
TA,6,12,RA_ER,false,-1
TA,6,13,RANDOM,false,-1
TA,6,13,FIRST,false,-1
TA,6,13,BFS,false,-1
TA,6,13,RA,false,-1
TA,6,13,RA_ER,false,-1
TA,6,14,RANDOM,false,-1
TA,6,14,FIRST,false,-1
TA,6,14,BFS,false,-1
TA,6,14,RA,false,-1
TA,6,14,RA_ER,false,-1
TA,6,15,RANDOM,false,-1
TA,6,15,FIRST,false,-1
TA,6,15,BFS,false,-1
TA,6,15,RA,false,-1
TA,6,15,RA_ER,false,-1
TA,7,1,RANDOM,false,-1
TA,7,1,FIRST,false,-1
TA,7,1,BFS,false,-1
TA,7,1,RA,false,-1
TA,7,1,RA_ER,false,-1
TA,7,2,RANDOM,false,-1
TA,7,2,FIRST,false,-1
TA,7,2,BFS,false,-1
TA,7,2,RA,false,-1
TA,7,2,RA_ER,false,-1
TA,7,3,RANDOM,false,-1
TA,7,3,FIRST,false,-1
TA,7,3,BFS,false,-1
TA,7,3,RA,false,-1
TA,7,3,RA_ER,false,-1
TA,7,4,RANDOM,false,-1
TA,7,4,FIRST,false,-1
TA,7,4,BFS,false,-1
TA,7,4,RA,false,-1
TA,7,4,RA_ER,false,-1
TA,7,5,RANDOM,false,-1
TA,7,5,FIRST,false,-1
TA,7,5,BFS,false,-1
TA,7,5,RA,false,-1
TA,7,5,RA_ER,false,-1
TA,7,6,RANDOM,false,-1
TA,7,6,FIRST,false,-1
TA,7,6,BFS,false,-1
TA,7,6,RA,false,-1
TA,7,6,RA_ER,false,-1
TA,7,7,RANDOM,false,-1
TA,7,7,FIRST,false,-1
TA,7,7,BFS,false,-1
TA,7,7,RA,false,-1
TA,7,7,RA_ER,false,-1
TA,7,8,RANDOM,false,-1
TA,7,8,FIRST,false,-1
TA,7,8,BFS,false,-1
TA,7,8,RA,false,-1
TA,7,8,RA_ER,false,-1
TA,7,9,RANDOM,false,-1
TA,7,9,FIRST,false,-1
TA,7,9,BFS,false,-1
TA,7,9,RA,false,-1
TA,7,9,RA_ER,false,-1
TA,7,10,RANDOM,false,-1
TA,7,10,FIRST,false,-1
TA,7,10,BFS,false,-1
TA,7,10,RA,false,-1
TA,7,10,RA_ER,false,-1
TA,7,11,RANDOM,false,-1
TA,7,11,FIRST,false,-1
TA,7,11,BFS,false,-1
TA,7,11,RA,false,-1
TA,7,11,RA_ER,false,-1
TA,7,12,RANDOM,false,-1
TA,7,12,FIRST,false,-1
TA,7,12,BFS,false,-1
TA,7,12,RA,false,-1
TA,7,12,RA_ER,false,-1
TA,7,13,RANDOM,false,-1
TA,7,13,FIRST,false,-1
TA,7,13,BFS,false,-1
TA,7,13,RA,false,-1
TA,7,13,RA_ER,false,-1
TA,7,14,RANDOM,false,-1
TA,7,14,FIRST,false,-1
TA,7,14,BFS,false,-1
TA,7,14,RA,false,-1
TA,7,14,RA_ER,false,-1
TA,7,15,RANDOM,false,-1
TA,7,15,FIRST,false,-1
TA,7,15,BFS,false,-1
TA,7,15,RA,false,-1
TA,7,15,RA_ER,false,-1
TA,8,1,RANDOM,false,-1
TA,8,1,FIRST,false,-1
TA,8,1,BFS,false,-1
TA,8,1,RA,false,-1
TA,8,1,RA_ER,false,-1
TA,8,2,RANDOM,false,-1
TA,8,2,FIRST,false,-1
TA,8,2,BFS,false,-1
TA,8,2,RA,false,-1
TA,8,2,RA_ER,false,-1
TA,8,3,RANDOM,false,-1
TA,8,3,FIRST,false,-1
TA,8,3,BFS,false,-1
TA,8,3,RA,false,-1
TA,8,3,RA_ER,false,-1
TA,8,4,RANDOM,false,-1
TA,8,4,FIRST,false,-1
TA,8,4,BFS,false,-1
TA,8,4,RA,false,-1
TA,8,4,RA_ER,false,-1
TA,8,5,RANDOM,false,-1
TA,8,5,FIRST,false,-1
TA,8,5,BFS,false,-1
TA,8,5,RA,false,-1
TA,8,5,RA_ER,false,-1
TA,8,6,RANDOM,false,-1
TA,8,6,FIRST,false,-1
TA,8,6,BFS,false,-1
TA,8,6,RA,false,-1
TA,8,6,RA_ER,false,-1
TA,8,7,RANDOM,false,-1
TA,8,7,FIRST,false,-1
TA,8,7,BFS,false,-1
TA,8,7,RA,false,-1
TA,8,7,RA_ER,false,-1
TA,8,8,RANDOM,false,-1
TA,8,8,FIRST,false,-1
TA,8,8,BFS,false,-1
TA,8,8,RA,false,-1
TA,8,8,RA_ER,false,-1
TA,8,9,RANDOM,false,-1
TA,8,9,FIRST,false,-1
TA,8,9,BFS,false,-1
TA,8,9,RA,false,-1
TA,8,9,RA_ER,false,-1
TA,8,10,RANDOM,false,-1
TA,8,10,FIRST,false,-1
TA,8,10,BFS,false,-1
TA,8,10,RA,false,-1
TA,8,10,RA_ER,false,-1
TA,8,11,RANDOM,false,-1
TA,8,11,FIRST,false,-1
TA,8,11,BFS,false,-1
TA,8,11,RA,false,-1
TA,8,11,RA_ER,false,-1
TA,8,12,RANDOM,false,-1
TA,8,12,FIRST,false,-1
TA,8,12,BFS,false,-1
TA,8,12,RA,false,-1
TA,8,12,RA_ER,false,-1
TA,8,13,RANDOM,false,-1
TA,8,13,FIRST,false,-1
TA,8,13,BFS,false,-1
TA,8,13,RA,false,-1
TA,8,13,RA_ER,false,-1
TA,8,14,RANDOM,false,-1
TA,8,14,FIRST,false,-1
TA,8,14,BFS,false,-1
TA,8,14,RA,false,-1
TA,8,14,RA_ER,false,-1
TA,8,15,RANDOM,false,-1
TA,8,15,FIRST,false,-1
TA,8,15,BFS,false,-1
TA,8,15,RA,false,-1
TA,8,15,RA_ER,false,-1
TA,9,1,RANDOM,false,-1
TA,9,1,FIRST,false,-1
TA,9,1,BFS,false,-1
TA,9,1,RA,false,-1
TA,9,1,RA_ER,false,-1
TA,9,2,RANDOM,false,-1
TA,9,2,FIRST,false,-1
TA,9,2,BFS,false,-1
TA,9,2,RA,false,-1
TA,9,2,RA_ER,false,-1
TA,9,3,RANDOM,false,-1
TA,9,3,FIRST,false,-1
TA,9,3,BFS,false,-1
TA,9,3,RA,false,-1
TA,9,3,RA_ER,false,-1
TA,9,4,RANDOM,false,-1
TA,9,4,FIRST,false,-1
TA,9,4,BFS,false,-1
TA,9,4,RA,false,-1
TA,9,4,RA_ER,false,-1
TA,9,5,RANDOM,false,-1
TA,9,5,FIRST,false,-1
TA,9,5,BFS,false,-1
TA,9,5,RA,false,-1
TA,9,5,RA_ER,false,-1
TA,9,6,RANDOM,false,-1
TA,9,6,FIRST,false,-1
TA,9,6,BFS,false,-1
TA,9,6,RA,false,-1
TA,9,6,RA_ER,false,-1
TA,9,7,RANDOM,false,-1
TA,9,7,FIRST,false,-1
TA,9,7,BFS,false,-1
TA,9,7,RA,false,-1
TA,9,7,RA_ER,false,-1
TA,9,8,RANDOM,false,-1
TA,9,8,FIRST,false,-1
TA,9,8,BFS,false,-1
TA,9,8,RA,false,-1
TA,9,8,RA_ER,false,-1
TA,9,9,RANDOM,false,-1
TA,9,9,FIRST,false,-1
TA,9,9,BFS,false,-1
TA,9,9,RA,false,-1
TA,9,9,RA_ER,false,-1
TA,9,10,RANDOM,false,-1
TA,9,10,FIRST,false,-1
TA,9,10,BFS,false,-1
TA,9,10,RA,false,-1
TA,9,10,RA_ER,false,-1
TA,9,11,RANDOM,false,-1
TA,9,11,FIRST,false,-1
TA,9,11,BFS,false,-1
TA,9,11,RA,false,-1
TA,9,11,RA_ER,false,-1
TA,9,12,RANDOM,false,-1
TA,9,12,FIRST,false,-1
TA,9,12,BFS,false,-1
TA,9,12,RA,false,-1
TA,9,12,RA_ER,false,-1
TA,9,13,RANDOM,false,-1
TA,9,13,FIRST,false,-1
TA,9,13,BFS,false,-1
TA,9,13,RA,false,-1
TA,9,13,RA_ER,false,-1
TA,9,14,RANDOM,false,-1
TA,9,14,FIRST,false,-1
TA,9,14,BFS,false,-1
TA,9,14,RA,false,-1
TA,9,14,RA_ER,false,-1
TA,9,15,RANDOM,false,-1
TA,9,15,FIRST,false,-1
TA,9,15,BFS,false,-1
TA,9,15,RA,false,-1
TA,9,15,RA_ER,false,-1
TA,10,1,RANDOM,false,-1
TA,10,1,FIRST,false,-1
TA,10,1,BFS,false,-1
TA,10,1,RA,false,-1
TA,10,1,RA_ER,false,-1
TA,10,2,RANDOM,false,-1
TA,10,2,FIRST,false,-1
TA,10,2,BFS,false,-1
TA,10,2,RA,false,-1
TA,10,2,RA_ER,false,-1
TA,10,3,RANDOM,false,-1
TA,10,3,FIRST,false,-1
TA,10,3,BFS,false,-1
TA,10,3,RA,false,-1
TA,10,3,RA_ER,false,-1
TA,10,4,RANDOM,false,-1
TA,10,4,FIRST,false,-1
TA,10,4,BFS,false,-1
TA,10,4,RA,false,-1
TA,10,4,RA_ER,false,-1
TA,10,5,RANDOM,false,-1
TA,10,5,FIRST,false,-1
TA,10,5,BFS,false,-1
TA,10,5,RA,false,-1
TA,10,5,RA_ER,false,-1
TA,10,6,RANDOM,false,-1
TA,10,6,FIRST,false,-1
TA,10,6,BFS,false,-1
TA,10,6,RA,false,-1
TA,10,6,RA_ER,false,-1
TA,10,7,RANDOM,false,-1
TA,10,7,FIRST,false,-1
TA,10,7,BFS,false,-1
TA,10,7,RA,false,-1
TA,10,7,RA_ER,false,-1
TA,10,8,RANDOM,false,-1
TA,10,8,FIRST,false,-1
TA,10,8,BFS,false,-1
TA,10,8,RA,false,-1
TA,10,8,RA_ER,false,-1
TA,10,9,RANDOM,false,-1
TA,10,9,FIRST,false,-1
TA,10,9,BFS,false,-1
TA,10,9,RA,false,-1
TA,10,9,RA_ER,false,-1
TA,10,10,RANDOM,false,-1
TA,10,10,FIRST,false,-1
TA,10,10,BFS,false,-1
TA,10,10,RA,false,-1
TA,10,10,RA_ER,false,-1
TA,10,11,RANDOM,false,-1
TA,10,11,FIRST,false,-1
TA,10,11,BFS,false,-1
TA,10,11,RA,false,-1
TA,10,11,RA_ER,false,-1
TA,10,12,RANDOM,false,-1
TA,10,12,FIRST,false,-1
TA,10,12,BFS,false,-1
TA,10,12,RA,false,-1
TA,10,12,RA_ER,false,-1
TA,10,13,RANDOM,false,-1
TA,10,13,FIRST,false,-1
TA,10,13,BFS,false,-1
TA,10,13,RA,false,-1
TA,10,13,RA_ER,false,-1
TA,10,14,RANDOM,false,-1
TA,10,14,FIRST,false,-1
TA,10,14,BFS,false,-1
TA,10,14,RA,false,-1
TA,10,14,RA_ER,false,-1
TA,10,15,RANDOM,false,-1
TA,10,15,FIRST,false,-1
TA,10,15,BFS,false,-1
TA,10,15,RA,false,-1
TA,10,15,RA_ER,false,-1
TA,11,1,RANDOM,false,-1
TA,11,1,FIRST,false,-1
TA,11,1,BFS,false,-1
TA,11,1,RA,false,-1
TA,11,1,RA_ER,false,-1
TA,11,2,RANDOM,false,-1
TA,11,2,FIRST,false,-1
TA,11,2,BFS,false,-1
TA,11,2,RA,false,-1
TA,11,2,RA_ER,false,-1
TA,11,3,RANDOM,false,-1
TA,11,3,FIRST,false,-1
TA,11,3,BFS,false,-1
TA,11,3,RA,false,-1
TA,11,3,RA_ER,false,-1
TA,11,4,RANDOM,false,-1
TA,11,4,FIRST,false,-1
TA,11,4,BFS,false,-1
TA,11,4,RA,false,-1
TA,11,4,RA_ER,false,-1
TA,11,5,RANDOM,false,-1
TA,11,5,FIRST,false,-1
TA,11,5,BFS,false,-1
TA,11,5,RA,false,-1
TA,11,5,RA_ER,false,-1
TA,11,6,RANDOM,false,-1
TA,11,6,FIRST,false,-1
TA,11,6,BFS,false,-1
TA,11,6,RA,false,-1
TA,11,6,RA_ER,false,-1
TA,11,7,RANDOM,false,-1
TA,11,7,FIRST,false,-1
TA,11,7,BFS,false,-1
TA,11,7,RA,false,-1
TA,11,7,RA_ER,false,-1
TA,11,8,RANDOM,false,-1
TA,11,8,FIRST,false,-1
TA,11,8,BFS,false,-1
TA,11,8,RA,false,-1
TA,11,8,RA_ER,false,-1
TA,11,9,RANDOM,false,-1
TA,11,9,FIRST,false,-1
TA,11,9,BFS,false,-1
TA,11,9,RA,false,-1
TA,11,9,RA_ER,false,-1
TA,11,10,RANDOM,false,-1
TA,11,10,FIRST,false,-1
TA,11,10,BFS,false,-1
TA,11,10,RA,false,-1
TA,11,10,RA_ER,false,-1
TA,11,11,RANDOM,false,-1
TA,11,11,FIRST,false,-1
TA,11,11,BFS,false,-1
TA,11,11,RA,false,-1
TA,11,11,RA_ER,false,-1
TA,11,12,RANDOM,false,-1
TA,11,12,FIRST,false,-1
TA,11,12,BFS,false,-1
TA,11,12,RA,false,-1
TA,11,12,RA_ER,false,-1
TA,11,13,RANDOM,false,-1
TA,11,13,FIRST,false,-1
TA,11,13,BFS,false,-1
TA,11,13,RA,false,-1
TA,11,13,RA_ER,false,-1
TA,11,14,RANDOM,false,-1
TA,11,14,FIRST,false,-1
TA,11,14,BFS,false,-1
TA,11,14,RA,false,-1
TA,11,14,RA_ER,false,-1
TA,11,15,RANDOM,false,-1
TA,11,15,FIRST,false,-1
TA,11,15,BFS,false,-1
TA,11,15,RA,false,-1
TA,11,15,RA_ER,false,-1
TA,12,1,RANDOM,false,-1
TA,12,1,FIRST,false,-1
TA,12,1,BFS,false,-1
TA,12,1,RA,false,-1
TA,12,1,RA_ER,false,-1
TA,12,2,RANDOM,false,-1
TA,12,2,FIRST,false,-1
TA,12,2,BFS,false,-1
TA,12,2,RA,false,-1
TA,12,2,RA_ER,false,-1
TA,12,3,RANDOM,false,-1
TA,12,3,FIRST,false,-1
TA,12,3,BFS,false,-1
TA,12,3,RA,false,-1
TA,12,3,RA_ER,false,-1
TA,12,4,RANDOM,false,-1
TA,12,4,FIRST,false,-1
TA,12,4,BFS,false,-1
TA,12,4,RA,false,-1
TA,12,4,RA_ER,false,-1
TA,12,5,RANDOM,false,-1
TA,12,5,FIRST,false,-1
TA,12,5,BFS,false,-1
TA,12,5,RA,false,-1
TA,12,5,RA_ER,false,-1
TA,12,6,RANDOM,false,-1
TA,12,6,FIRST,false,-1
TA,12,6,BFS,false,-1
TA,12,6,RA,false,-1
TA,12,6,RA_ER,false,-1
TA,12,7,RANDOM,false,-1
TA,12,7,FIRST,false,-1
TA,12,7,BFS,false,-1
TA,12,7,RA,false,-1
TA,12,7,RA_ER,false,-1
TA,12,8,RANDOM,false,-1
TA,12,8,FIRST,false,-1
TA,12,8,BFS,false,-1
TA,12,8,RA,false,-1
TA,12,8,RA_ER,false,-1
TA,12,9,RANDOM,false,-1
TA,12,9,FIRST,false,-1
TA,12,9,BFS,false,-1
TA,12,9,RA,false,-1
TA,12,9,RA_ER,false,-1
TA,12,10,RANDOM,false,-1
TA,12,10,FIRST,false,-1
TA,12,10,BFS,false,-1
TA,12,10,RA,false,-1
TA,12,10,RA_ER,false,-1
TA,12,11,RANDOM,false,-1
TA,12,11,FIRST,false,-1
TA,12,11,BFS,false,-1
TA,12,11,RA,false,-1
TA,12,11,RA_ER,false,-1
TA,12,12,RANDOM,false,-1
TA,12,12,FIRST,false,-1
TA,12,12,BFS,false,-1
TA,12,12,RA,false,-1
TA,12,12,RA_ER,false,-1
TA,12,13,RANDOM,false,-1
TA,12,13,FIRST,false,-1
TA,12,13,BFS,false,-1
TA,12,13,RA,false,-1
TA,12,13,RA_ER,false,-1
TA,12,14,RANDOM,false,-1
TA,12,14,FIRST,false,-1
TA,12,14,BFS,false,-1
TA,12,14,RA,false,-1
TA,12,14,RA_ER,false,-1
TA,12,15,RANDOM,false,-1
TA,12,15,FIRST,false,-1
TA,12,15,BFS,false,-1
TA,12,15,RA,false,-1
TA,12,15,RA_ER,false,-1
TA,13,1,RANDOM,false,-1
TA,13,1,FIRST,false,-1
TA,13,1,BFS,false,-1
TA,13,1,RA,false,-1
TA,13,1,RA_ER,false,-1
TA,13,2,RANDOM,false,-1
TA,13,2,FIRST,false,-1
TA,13,2,BFS,false,-1
TA,13,2,RA,false,-1
TA,13,2,RA_ER,false,-1
TA,13,3,RANDOM,false,-1
TA,13,3,FIRST,false,-1
TA,13,3,BFS,false,-1
TA,13,3,RA,false,-1
TA,13,3,RA_ER,false,-1
TA,13,4,RANDOM,false,-1
TA,13,4,FIRST,false,-1
TA,13,4,BFS,false,-1
TA,13,4,RA,false,-1
TA,13,4,RA_ER,false,-1
TA,13,5,RANDOM,false,-1
TA,13,5,FIRST,false,-1
TA,13,5,BFS,false,-1
TA,13,5,RA,false,-1
TA,13,5,RA_ER,false,-1
TA,13,6,RANDOM,false,-1
TA,13,6,FIRST,false,-1
TA,13,6,BFS,false,-1
TA,13,6,RA,false,-1
TA,13,6,RA_ER,false,-1
TA,13,7,RANDOM,false,-1
TA,13,7,FIRST,false,-1
TA,13,7,BFS,false,-1
TA,13,7,RA,false,-1
TA,13,7,RA_ER,false,-1
TA,13,8,RANDOM,false,-1
TA,13,8,FIRST,false,-1
TA,13,8,BFS,false,-1
TA,13,8,RA,false,-1
TA,13,8,RA_ER,false,-1
TA,13,9,RANDOM,false,-1
TA,13,9,FIRST,false,-1
TA,13,9,BFS,false,-1
TA,13,9,RA,false,-1
TA,13,9,RA_ER,false,-1
TA,13,10,RANDOM,false,-1
TA,13,10,FIRST,false,-1
TA,13,10,BFS,false,-1
TA,13,10,RA,false,-1
TA,13,10,RA_ER,false,-1
TA,13,11,RANDOM,false,-1
TA,13,11,FIRST,false,-1
TA,13,11,BFS,false,-1
TA,13,11,RA,false,-1
TA,13,11,RA_ER,false,-1
TA,13,12,RANDOM,false,-1
TA,13,12,FIRST,false,-1
TA,13,12,BFS,false,-1
TA,13,12,RA,false,-1
TA,13,12,RA_ER,false,-1
TA,13,13,RANDOM,false,-1
TA,13,13,FIRST,false,-1
TA,13,13,BFS,false,-1
TA,13,13,RA,false,-1
TA,13,13,RA_ER,false,-1
TA,13,14,RANDOM,false,-1
TA,13,14,FIRST,false,-1
TA,13,14,BFS,false,-1
TA,13,14,RA,false,-1
TA,13,14,RA_ER,false,-1
TA,13,15,RANDOM,false,-1
TA,13,15,FIRST,false,-1
TA,13,15,BFS,false,-1
TA,13,15,RA,false,-1
TA,13,15,RA_ER,false,-1
TA,14,1,RANDOM,false,-1
TA,14,1,FIRST,false,-1
TA,14,1,BFS,false,-1
TA,14,1,RA,false,-1
TA,14,1,RA_ER,false,-1
TA,14,2,RANDOM,false,-1
TA,14,2,FIRST,false,-1
TA,14,2,BFS,false,-1
TA,14,2,RA,false,-1
TA,14,2,RA_ER,false,-1
TA,14,3,RANDOM,false,-1
TA,14,3,FIRST,false,-1
TA,14,3,BFS,false,-1
TA,14,3,RA,false,-1
TA,14,3,RA_ER,false,-1
TA,14,4,RANDOM,false,-1
TA,14,4,FIRST,false,-1
TA,14,4,BFS,false,-1
TA,14,4,RA,false,-1
TA,14,4,RA_ER,false,-1
TA,14,5,RANDOM,false,-1
TA,14,5,FIRST,false,-1
TA,14,5,BFS,false,-1
TA,14,5,RA,false,-1
TA,14,5,RA_ER,false,-1
TA,14,6,RANDOM,false,-1
TA,14,6,FIRST,false,-1
TA,14,6,BFS,false,-1
TA,14,6,RA,false,-1
TA,14,6,RA_ER,false,-1
TA,14,7,RANDOM,false,-1
TA,14,7,FIRST,false,-1
TA,14,7,BFS,false,-1
TA,14,7,RA,false,-1
TA,14,7,RA_ER,false,-1
TA,14,8,RANDOM,false,-1
TA,14,8,FIRST,false,-1
TA,14,8,BFS,false,-1
TA,14,8,RA,false,-1
TA,14,8,RA_ER,false,-1
TA,14,9,RANDOM,false,-1
TA,14,9,FIRST,false,-1
TA,14,9,BFS,false,-1
TA,14,9,RA,false,-1
TA,14,9,RA_ER,false,-1
TA,14,10,RANDOM,false,-1
TA,14,10,FIRST,false,-1
TA,14,10,BFS,false,-1
TA,14,10,RA,false,-1
TA,14,10,RA_ER,false,-1
TA,14,11,RANDOM,false,-1
TA,14,11,FIRST,false,-1
TA,14,11,BFS,false,-1
TA,14,11,RA,false,-1
TA,14,11,RA_ER,false,-1
TA,14,12,RANDOM,false,-1
TA,14,12,FIRST,false,-1
TA,14,12,BFS,false,-1
TA,14,12,RA,false,-1
TA,14,12,RA_ER,false,-1
TA,14,13,RANDOM,false,-1
TA,14,13,FIRST,false,-1
TA,14,13,BFS,false,-1
TA,14,13,RA,false,-1
TA,14,13,RA_ER,false,-1
TA,14,14,RANDOM,false,-1
TA,14,14,FIRST,false,-1
TA,14,14,BFS,false,-1
TA,14,14,RA,false,-1
TA,14,14,RA_ER,false,-1
TA,14,15,RANDOM,false,-1
TA,14,15,FIRST,false,-1
TA,14,15,BFS,false,-1
TA,14,15,RA,false,-1
TA,14,15,RA_ER,false,-1
TA,15,1,RANDOM,false,-1
TA,15,1,FIRST,false,-1
TA,15,1,BFS,false,-1
TA,15,1,RA,false,-1
TA,15,1,RA_ER,false,-1
TA,15,2,RANDOM,false,-1
TA,15,2,FIRST,false,-1
TA,15,2,BFS,false,-1
TA,15,2,RA,false,-1
TA,15,2,RA_ER,false,-1
TA,15,3,RANDOM,false,-1
TA,15,3,FIRST,false,-1
TA,15,3,BFS,false,-1
TA,15,3,RA,false,-1
TA,15,3,RA_ER,false,-1
TA,15,4,RANDOM,false,-1
TA,15,4,FIRST,false,-1
TA,15,4,BFS,false,-1
TA,15,4,RA,false,-1
TA,15,4,RA_ER,false,-1
TA,15,5,RANDOM,false,-1
TA,15,5,FIRST,false,-1
TA,15,5,BFS,false,-1
TA,15,5,RA,false,-1
TA,15,5,RA_ER,false,-1
TA,15,6,RANDOM,false,-1
TA,15,6,FIRST,false,-1
TA,15,6,BFS,false,-1
TA,15,6,RA,false,-1
TA,15,6,RA_ER,false,-1
TA,15,7,RANDOM,false,-1
TA,15,7,FIRST,false,-1
TA,15,7,BFS,false,-1
TA,15,7,RA,false,-1
TA,15,7,RA_ER,false,-1
TA,15,8,RANDOM,false,-1
TA,15,8,FIRST,false,-1
TA,15,8,BFS,false,-1
TA,15,8,RA,false,-1
TA,15,8,RA_ER,false,-1
TA,15,9,RANDOM,false,-1
TA,15,9,FIRST,false,-1
TA,15,9,BFS,false,-1
TA,15,9,RA,false,-1
TA,15,9,RA_ER,false,-1
TA,15,10,RANDOM,false,-1
TA,15,10,FIRST,false,-1
TA,15,10,BFS,false,-1
TA,15,10,RA,false,-1
TA,15,10,RA_ER,false,-1
TA,15,11,RANDOM,false,-1
TA,15,11,FIRST,false,-1
TA,15,11,BFS,false,-1
TA,15,11,RA,false,-1
TA,15,11,RA_ER,false,-1
TA,15,12,RANDOM,false,-1
TA,15,12,FIRST,false,-1
TA,15,12,BFS,false,-1
TA,15,12,RA,false,-1
TA,15,12,RA_ER,false,-1
TA,15,13,RANDOM,false,-1
TA,15,13,FIRST,false,-1
TA,15,13,BFS,false,-1
TA,15,13,RA,false,-1
TA,15,13,RA_ER,false,-1
TA,15,14,RANDOM,false,-1
TA,15,14,FIRST,false,-1
TA,15,14,BFS,false,-1
TA,15,14,RA,false,-1
TA,15,14,RA_ER,false,-1
TA,15,15,RANDOM,false,-1
TA,15,15,FIRST,false,-1
TA,15,15,BFS,false,-1
TA,15,15,RA,false,-1
TA,15,15,RA_ER,false,-1
TA,16,16,RANDOM,false,-1
TA,16,16,FIRST,false,-1
TA,16,16,BFS,false,-1
TA,16,16,RA,false,-1
TA,16,16,RA_ER,false,-1
TL,1,1,RANDOM,true,12
TL,1,1,FIRST,true,15
TL,1,1,BFS,true,15
TL,1,1,RA,true,10
TL,1,1,RA_ER,true,9
TL,1,2,RANDOM,true,27
TL,1,2,FIRST,true,24
TL,1,2,BFS,true,24
TL,1,2,RA,true,12
TL,1,2,RA_ER,true,9
TL,1,3,RANDOM,true,30
TL,1,3,FIRST,true,28
TL,1,3,BFS,true,28
TL,1,3,RA,true,12
TL,1,3,RA_ER,true,9
TL,1,4,RANDOM,true,47
TL,1,4,FIRST,true,31
TL,1,4,BFS,true,31
TL,1,4,RA,true,12
TL,1,4,RA_ER,true,9
TL,1,5,RANDOM,true,47
TL,1,5,FIRST,true,32
TL,1,5,BFS,true,32
TL,1,5,RA,true,12
TL,1,5,RA_ER,true,9
TL,1,6,RANDOM,true,49
TL,1,6,FIRST,true,32
TL,1,6,BFS,true,32
TL,1,6,RA,true,12
TL,1,6,RA_ER,true,9
TL,1,7,RANDOM,true,48
TL,1,7,FIRST,true,32
TL,1,7,BFS,true,32
TL,1,7,RA,true,12
TL,1,7,RA_ER,true,9
TL,1,8,RANDOM,true,39
TL,1,8,FIRST,true,32
TL,1,8,BFS,true,32
TL,1,8,RA,true,12
TL,1,8,RA_ER,true,9
TL,1,9,RANDOM,true,29
TL,1,9,FIRST,true,32
TL,1,9,BFS,true,32
TL,1,9,RA,true,12
TL,1,9,RA_ER,true,9
TL,1,10,RANDOM,true,11
TL,1,10,FIRST,true,32
TL,1,10,BFS,true,32
TL,1,10,RA,true,12
TL,1,10,RA_ER,true,9
TL,1,11,RANDOM,true,33
TL,1,11,FIRST,true,32
TL,1,11,BFS,true,32
TL,1,11,RA,true,12
TL,1,11,RA_ER,true,9
TL,1,12,RANDOM,true,17
TL,1,12,FIRST,true,32
TL,1,12,BFS,true,32
TL,1,12,RA,true,12
TL,1,12,RA_ER,true,9
TL,1,13,RANDOM,true,39
TL,1,13,FIRST,true,32
TL,1,13,BFS,true,32
TL,1,13,RA,true,12
TL,1,13,RA_ER,true,9
TL,1,14,RANDOM,true,31
TL,1,14,FIRST,true,32
TL,1,14,BFS,true,32
TL,1,14,RA,true,12
TL,1,14,RA_ER,true,9
TL,1,15,RANDOM,true,24
TL,1,15,FIRST,true,32
TL,1,15,BFS,true,32
TL,1,15,RA,true,12
TL,1,15,RA_ER,true,9
TL,2,1,RANDOM,true,36
TL,2,1,FIRST,true,12
TL,2,1,BFS,true,12
TL,2,1,RA,true,2
TL,2,1,RA_ER,true,2
TL,2,2,RANDOM,true,29
TL,2,2,FIRST,true,35
TL,2,2,BFS,true,35
TL,2,2,RA,true,3
TL,2,2,RA_ER,true,3
TL,2,3,RANDOM,true,2372
TL,2,3,FIRST,true,83
TL,2,3,BFS,true,83
TL,2,3,RA,true,4
TL,2,3,RA_ER,true,4
TL,2,4,RANDOM,false,2500
TL,2,4,FIRST,true,172
TL,2,4,BFS,true,172
TL,2,4,RA,true,5
TL,2,4,RA_ER,true,5
TL,2,5,RANDOM,false,2500
TL,2,5,FIRST,true,324
TL,2,5,BFS,true,324
TL,2,5,RA,true,6
TL,2,5,RA_ER,true,6
TL,2,6,RANDOM,false,2500
TL,2,6,FIRST,true,562
TL,2,6,BFS,true,562
TL,2,6,RA,true,7
TL,2,6,RA_ER,true,7
TL,2,7,RANDOM,true,1163
TL,2,7,FIRST,true,910
TL,2,7,BFS,true,910
TL,2,7,RA,true,8
TL,2,7,RA_ER,true,8
TL,2,8,RANDOM,false,2500
TL,2,8,FIRST,true,1397
TL,2,8,BFS,true,1397
TL,2,8,RA,true,9
TL,2,8,RA_ER,true,9
TL,2,9,RANDOM,false,2500
TL,2,9,FIRST,true,2053
TL,2,9,BFS,true,2053
TL,2,9,RA,true,10
TL,2,9,RA_ER,true,10
TL,2,10,RANDOM,false,2500
TL,2,10,FIRST,false,2500
TL,2,10,BFS,false,2500
TL,2,10,RA,true,11
TL,2,10,RA_ER,true,11
TL,2,11,RANDOM,false,2500
TL,2,11,FIRST,false,2500
TL,2,11,BFS,false,2500
TL,2,11,RA,true,12
TL,2,11,RA_ER,true,12
TL,2,12,RANDOM,false,2500
TL,2,12,FIRST,false,2500
TL,2,12,BFS,false,2500
TL,2,12,RA,true,13
TL,2,12,RA_ER,true,13
TL,2,13,RANDOM,false,2500
TL,2,13,FIRST,false,2500
TL,2,13,BFS,false,2500
TL,2,13,RA,true,14
TL,2,13,RA_ER,true,14
TL,2,14,RANDOM,false,2500
TL,2,14,FIRST,false,2500
TL,2,14,BFS,false,2500
TL,2,14,RA,true,15
TL,2,14,RA_ER,true,15
TL,2,15,RANDOM,false,2500
TL,2,15,FIRST,false,2500
TL,2,15,BFS,false,2500
TL,2,15,RA,true,16
TL,2,15,RA_ER,true,16
TL,3,1,RANDOM,false,-1
TL,3,1,FIRST,false,-1
TL,3,1,BFS,false,-1
TL,3,1,RA,true,3
TL,3,1,RA_ER,true,3
TL,3,2,RANDOM,false,-1
TL,3,2,FIRST,false,-1
TL,3,2,BFS,false,-1
TL,3,2,RA,true,7
TL,3,2,RA_ER,true,7
TL,3,3,RANDOM,false,-1
TL,3,3,FIRST,false,-1
TL,3,3,BFS,false,-1
TL,3,3,RA,true,13
TL,3,3,RA_ER,true,13
TL,3,4,RANDOM,false,-1
TL,3,4,FIRST,false,-1
TL,3,4,BFS,false,-1
TL,3,4,RA,true,21
TL,3,4,RA_ER,true,21
TL,3,5,RANDOM,false,-1
TL,3,5,FIRST,false,-1
TL,3,5,BFS,false,-1
TL,3,5,RA,true,31
TL,3,5,RA_ER,true,31
TL,3,6,RANDOM,false,-1
TL,3,6,FIRST,false,-1
TL,3,6,BFS,false,-1
TL,3,6,RA,true,43
TL,3,6,RA_ER,true,43
TL,3,7,RANDOM,false,-1
TL,3,7,FIRST,false,-1
TL,3,7,BFS,false,-1
TL,3,7,RA,true,57
TL,3,7,RA_ER,true,57
TL,3,8,RANDOM,false,-1
TL,3,8,FIRST,false,-1
TL,3,8,BFS,false,-1
TL,3,8,RA,true,73
TL,3,8,RA_ER,true,73
TL,3,9,RANDOM,false,-1
TL,3,9,FIRST,false,-1
TL,3,9,BFS,false,-1
TL,3,9,RA,true,91
TL,3,9,RA_ER,true,91
TL,3,10,RANDOM,false,-1
TL,3,10,FIRST,false,-1
TL,3,10,BFS,false,-1
TL,3,10,RA,true,111
TL,3,10,RA_ER,true,111
TL,3,11,RANDOM,false,-1
TL,3,11,FIRST,false,-1
TL,3,11,BFS,false,-1
TL,3,11,RA,true,133
TL,3,11,RA_ER,true,133
TL,3,12,RANDOM,false,-1
TL,3,12,FIRST,false,-1
TL,3,12,BFS,false,-1
TL,3,12,RA,true,157
TL,3,12,RA_ER,true,157
TL,3,13,RANDOM,false,-1
TL,3,13,FIRST,false,-1
TL,3,13,BFS,false,-1
TL,3,13,RA,true,183
TL,3,13,RA_ER,true,183
TL,3,14,RANDOM,false,-1
TL,3,14,FIRST,false,-1
TL,3,14,BFS,false,-1
TL,3,14,RA,true,211
TL,3,14,RA_ER,true,211
TL,3,15,RANDOM,false,-1
TL,3,15,FIRST,false,-1
TL,3,15,BFS,false,-1
TL,3,15,RA,true,241
TL,3,15,RA_ER,true,241
TL,4,1,RANDOM,false,-1
TL,4,1,FIRST,false,-1
TL,4,1,BFS,false,-1
TL,4,1,RA,true,4
TL,4,1,RA_ER,true,4
TL,4,2,RANDOM,false,-1
TL,4,2,FIRST,false,-1
TL,4,2,BFS,false,-1
TL,4,2,RA,true,13
TL,4,2,RA_ER,true,13
TL,4,3,RANDOM,false,-1
TL,4,3,FIRST,false,-1
TL,4,3,BFS,false,-1
TL,4,3,RA,true,31
TL,4,3,RA_ER,true,31
TL,4,4,RANDOM,false,-1
TL,4,4,FIRST,false,-1
TL,4,4,BFS,false,-1
TL,4,4,RA,true,61
TL,4,4,RA_ER,true,61
TL,4,5,RANDOM,false,-1
TL,4,5,FIRST,false,-1
TL,4,5,BFS,false,-1
TL,4,5,RA,true,106
TL,4,5,RA_ER,true,106
TL,4,6,RANDOM,false,-1
TL,4,6,FIRST,false,-1
TL,4,6,BFS,false,-1
TL,4,6,RA,true,169
TL,4,6,RA_ER,true,169
TL,4,7,RANDOM,false,-1
TL,4,7,FIRST,false,-1
TL,4,7,BFS,false,-1
TL,4,7,RA,true,253
TL,4,7,RA_ER,true,253
TL,4,8,RANDOM,false,-1
TL,4,8,FIRST,false,-1
TL,4,8,BFS,false,-1
TL,4,8,RA,true,361
TL,4,8,RA_ER,true,361
TL,4,9,RANDOM,false,-1
TL,4,9,FIRST,false,-1
TL,4,9,BFS,false,-1
TL,4,9,RA,true,496
TL,4,9,RA_ER,true,496
TL,4,10,RANDOM,false,-1
TL,4,10,FIRST,false,-1
TL,4,10,BFS,false,-1
TL,4,10,RA,true,661
TL,4,10,RA_ER,true,661
TL,4,11,RANDOM,false,-1
TL,4,11,FIRST,false,-1
TL,4,11,BFS,false,-1
TL,4,11,RA,true,859
TL,4,11,RA_ER,true,859
TL,4,12,RANDOM,false,-1
TL,4,12,FIRST,false,-1
TL,4,12,BFS,false,-1
TL,4,12,RA,true,1093
TL,4,12,RA_ER,true,1093
TL,4,13,RANDOM,false,-1
TL,4,13,FIRST,false,-1
TL,4,13,BFS,false,-1
TL,4,13,RA,true,1366
TL,4,13,RA_ER,true,1366
TL,4,14,RANDOM,false,-1
TL,4,14,FIRST,false,-1
TL,4,14,BFS,false,-1
TL,4,14,RA,true,1681
TL,4,14,RA_ER,true,1681
TL,4,15,RANDOM,false,-1
TL,4,15,FIRST,false,-1
TL,4,15,BFS,false,-1
TL,4,15,RA,true,2041
TL,4,15,RA_ER,true,2041
TL,5,1,RANDOM,false,-1
TL,5,1,FIRST,false,-1
TL,5,1,BFS,false,-1
TL,5,1,RA,true,5
TL,5,1,RA_ER,true,5
TL,5,2,RANDOM,false,-1
TL,5,2,FIRST,false,-1
TL,5,2,BFS,false,-1
TL,5,2,RA,true,21
TL,5,2,RA_ER,true,21
TL,5,3,RANDOM,false,-1
TL,5,3,FIRST,false,-1
TL,5,3,BFS,false,-1
TL,5,3,RA,true,61
TL,5,3,RA_ER,true,61
TL,5,4,RANDOM,false,-1
TL,5,4,FIRST,false,-1
TL,5,4,BFS,false,-1
TL,5,4,RA,true,141
TL,5,4,RA_ER,true,141
TL,5,5,RANDOM,false,-1
TL,5,5,FIRST,false,-1
TL,5,5,BFS,false,-1
TL,5,5,RA,true,281
TL,5,5,RA_ER,true,281
TL,5,6,RANDOM,false,-1
TL,5,6,FIRST,false,-1
TL,5,6,BFS,false,-1
TL,5,6,RA,true,505
TL,5,6,RA_ER,true,505
TL,5,7,RANDOM,false,-1
TL,5,7,FIRST,false,-1
TL,5,7,BFS,false,-1
TL,5,7,RA,true,841
TL,5,7,RA_ER,true,841
TL,5,8,RANDOM,false,-1
TL,5,8,FIRST,false,-1
TL,5,8,BFS,false,-1
TL,5,8,RA,true,1321
TL,5,8,RA_ER,true,1321
TL,5,9,RANDOM,false,-1
TL,5,9,FIRST,false,-1
TL,5,9,BFS,false,-1
TL,5,9,RA,true,1981
TL,5,9,RA_ER,true,1981
TL,5,10,RANDOM,false,-1
TL,5,10,FIRST,false,-1
TL,5,10,BFS,false,-1
TL,5,10,RA,false,2500
TL,5,10,RA_ER,false,2500
TL,5,11,RANDOM,false,-1
TL,5,11,FIRST,false,-1
TL,5,11,BFS,false,-1
TL,5,11,RA,false,2500
TL,5,11,RA_ER,false,2500
TL,5,12,RANDOM,false,-1
TL,5,12,FIRST,false,-1
TL,5,12,BFS,false,-1
TL,5,12,RA,false,2500
TL,5,12,RA_ER,false,2500
TL,5,13,RANDOM,false,-1
TL,5,13,FIRST,false,-1
TL,5,13,BFS,false,-1
TL,5,13,RA,false,2500
TL,5,13,RA_ER,false,2500
TL,5,14,RANDOM,false,-1
TL,5,14,FIRST,false,-1
TL,5,14,BFS,false,-1
TL,5,14,RA,false,2500
TL,5,14,RA_ER,false,2500
TL,5,15,RANDOM,false,-1
TL,5,15,FIRST,false,-1
TL,5,15,BFS,false,-1
TL,5,15,RA,false,2500
TL,5,15,RA_ER,false,2500
TL,6,1,RANDOM,false,-1
TL,6,1,FIRST,false,-1
TL,6,1,BFS,false,-1
TL,6,1,RA,false,-1
TL,6,1,RA_ER,false,-1
TL,6,2,RANDOM,false,-1
TL,6,2,FIRST,false,-1
TL,6,2,BFS,false,-1
TL,6,2,RA,false,-1
TL,6,2,RA_ER,false,-1
TL,6,3,RANDOM,false,-1
TL,6,3,FIRST,false,-1
TL,6,3,BFS,false,-1
TL,6,3,RA,false,-1
TL,6,3,RA_ER,false,-1
TL,6,4,RANDOM,false,-1
TL,6,4,FIRST,false,-1
TL,6,4,BFS,false,-1
TL,6,4,RA,false,-1
TL,6,4,RA_ER,false,-1
TL,6,5,RANDOM,false,-1
TL,6,5,FIRST,false,-1
TL,6,5,BFS,false,-1
TL,6,5,RA,false,-1
TL,6,5,RA_ER,false,-1
TL,6,6,RANDOM,false,-1
TL,6,6,FIRST,false,-1
TL,6,6,BFS,false,-1
TL,6,6,RA,false,-1
TL,6,6,RA_ER,false,-1
TL,6,7,RANDOM,false,-1
TL,6,7,FIRST,false,-1
TL,6,7,BFS,false,-1
TL,6,7,RA,false,-1
TL,6,7,RA_ER,false,-1
TL,6,8,RANDOM,false,-1
TL,6,8,FIRST,false,-1
TL,6,8,BFS,false,-1
TL,6,8,RA,false,-1
TL,6,8,RA_ER,false,-1
TL,6,9,RANDOM,false,-1
TL,6,9,FIRST,false,-1
TL,6,9,BFS,false,-1
TL,6,9,RA,false,-1
TL,6,9,RA_ER,false,-1
TL,6,10,RANDOM,false,-1
TL,6,10,FIRST,false,-1
TL,6,10,BFS,false,-1
TL,6,10,RA,false,-1
TL,6,10,RA_ER,false,-1
TL,6,11,RANDOM,false,-1
TL,6,11,FIRST,false,-1
TL,6,11,BFS,false,-1
TL,6,11,RA,false,-1
TL,6,11,RA_ER,false,-1
TL,6,12,RANDOM,false,-1
TL,6,12,FIRST,false,-1
TL,6,12,BFS,false,-1
TL,6,12,RA,false,-1
TL,6,12,RA_ER,false,-1
TL,6,13,RANDOM,false,-1
TL,6,13,FIRST,false,-1
TL,6,13,BFS,false,-1
TL,6,13,RA,false,-1
TL,6,13,RA_ER,false,-1
TL,6,14,RANDOM,false,-1
TL,6,14,FIRST,false,-1
TL,6,14,BFS,false,-1
TL,6,14,RA,false,-1
TL,6,14,RA_ER,false,-1
TL,6,15,RANDOM,false,-1
TL,6,15,FIRST,false,-1
TL,6,15,BFS,false,-1
TL,6,15,RA,false,-1
TL,6,15,RA_ER,false,-1
TL,7,1,RANDOM,false,-1
TL,7,1,FIRST,false,-1
TL,7,1,BFS,false,-1
TL,7,1,RA,false,-1
TL,7,1,RA_ER,false,-1
TL,7,2,RANDOM,false,-1
TL,7,2,FIRST,false,-1
TL,7,2,BFS,false,-1
TL,7,2,RA,false,-1
TL,7,2,RA_ER,false,-1
TL,7,3,RANDOM,false,-1
TL,7,3,FIRST,false,-1
TL,7,3,BFS,false,-1
TL,7,3,RA,false,-1
TL,7,3,RA_ER,false,-1
TL,7,4,RANDOM,false,-1
TL,7,4,FIRST,false,-1
TL,7,4,BFS,false,-1
TL,7,4,RA,false,-1
TL,7,4,RA_ER,false,-1
TL,7,5,RANDOM,false,-1
TL,7,5,FIRST,false,-1
TL,7,5,BFS,false,-1
TL,7,5,RA,false,-1
TL,7,5,RA_ER,false,-1
TL,7,6,RANDOM,false,-1
TL,7,6,FIRST,false,-1
TL,7,6,BFS,false,-1
TL,7,6,RA,false,-1
TL,7,6,RA_ER,false,-1
TL,7,7,RANDOM,false,-1
TL,7,7,FIRST,false,-1
TL,7,7,BFS,false,-1
TL,7,7,RA,false,-1
TL,7,7,RA_ER,false,-1
TL,7,8,RANDOM,false,-1
TL,7,8,FIRST,false,-1
TL,7,8,BFS,false,-1
TL,7,8,RA,false,-1
TL,7,8,RA_ER,false,-1
TL,7,9,RANDOM,false,-1
TL,7,9,FIRST,false,-1
TL,7,9,BFS,false,-1
TL,7,9,RA,false,-1
TL,7,9,RA_ER,false,-1
TL,7,10,RANDOM,false,-1
TL,7,10,FIRST,false,-1
TL,7,10,BFS,false,-1
TL,7,10,RA,false,-1
TL,7,10,RA_ER,false,-1
TL,7,11,RANDOM,false,-1
TL,7,11,FIRST,false,-1
TL,7,11,BFS,false,-1
TL,7,11,RA,false,-1
TL,7,11,RA_ER,false,-1
TL,7,12,RANDOM,false,-1
TL,7,12,FIRST,false,-1
TL,7,12,BFS,false,-1
TL,7,12,RA,false,-1
TL,7,12,RA_ER,false,-1
TL,7,13,RANDOM,false,-1
TL,7,13,FIRST,false,-1
TL,7,13,BFS,false,-1
TL,7,13,RA,false,-1
TL,7,13,RA_ER,false,-1
TL,7,14,RANDOM,false,-1
TL,7,14,FIRST,false,-1
TL,7,14,BFS,false,-1
TL,7,14,RA,false,-1
TL,7,14,RA_ER,false,-1
TL,7,15,RANDOM,false,-1
TL,7,15,FIRST,false,-1
TL,7,15,BFS,false,-1
TL,7,15,RA,false,-1
TL,7,15,RA_ER,false,-1
TL,8,1,RANDOM,false,-1
TL,8,1,FIRST,false,-1
TL,8,1,BFS,false,-1
TL,8,1,RA,false,-1
TL,8,1,RA_ER,false,-1
TL,8,2,RANDOM,false,-1
TL,8,2,FIRST,false,-1
TL,8,2,BFS,false,-1
TL,8,2,RA,false,-1
TL,8,2,RA_ER,false,-1
TL,8,3,RANDOM,false,-1
TL,8,3,FIRST,false,-1
TL,8,3,BFS,false,-1
TL,8,3,RA,false,-1
TL,8,3,RA_ER,false,-1
TL,8,4,RANDOM,false,-1
TL,8,4,FIRST,false,-1
TL,8,4,BFS,false,-1
TL,8,4,RA,false,-1
TL,8,4,RA_ER,false,-1
TL,8,5,RANDOM,false,-1
TL,8,5,FIRST,false,-1
TL,8,5,BFS,false,-1
TL,8,5,RA,false,-1
TL,8,5,RA_ER,false,-1
TL,8,6,RANDOM,false,-1
TL,8,6,FIRST,false,-1
TL,8,6,BFS,false,-1
TL,8,6,RA,false,-1
TL,8,6,RA_ER,false,-1
TL,8,7,RANDOM,false,-1
TL,8,7,FIRST,false,-1
TL,8,7,BFS,false,-1
TL,8,7,RA,false,-1
TL,8,7,RA_ER,false,-1
TL,8,8,RANDOM,false,-1
TL,8,8,FIRST,false,-1
TL,8,8,BFS,false,-1
TL,8,8,RA,false,-1
TL,8,8,RA_ER,false,-1
TL,8,9,RANDOM,false,-1
TL,8,9,FIRST,false,-1
TL,8,9,BFS,false,-1
TL,8,9,RA,false,-1
TL,8,9,RA_ER,false,-1
TL,8,10,RANDOM,false,-1
TL,8,10,FIRST,false,-1
TL,8,10,BFS,false,-1
TL,8,10,RA,false,-1
TL,8,10,RA_ER,false,-1
TL,8,11,RANDOM,false,-1
TL,8,11,FIRST,false,-1
TL,8,11,BFS,false,-1
TL,8,11,RA,false,-1
TL,8,11,RA_ER,false,-1
TL,8,12,RANDOM,false,-1
TL,8,12,FIRST,false,-1
TL,8,12,BFS,false,-1
TL,8,12,RA,false,-1
TL,8,12,RA_ER,false,-1
TL,8,13,RANDOM,false,-1
TL,8,13,FIRST,false,-1
TL,8,13,BFS,false,-1
TL,8,13,RA,false,-1
TL,8,13,RA_ER,false,-1
TL,8,14,RANDOM,false,-1
TL,8,14,FIRST,false,-1
TL,8,14,BFS,false,-1
TL,8,14,RA,false,-1
TL,8,14,RA_ER,false,-1
TL,8,15,RANDOM,false,-1
TL,8,15,FIRST,false,-1
TL,8,15,BFS,false,-1
TL,8,15,RA,false,-1
TL,8,15,RA_ER,false,-1
TL,9,1,RANDOM,false,-1
TL,9,1,FIRST,false,-1
TL,9,1,BFS,false,-1
TL,9,1,RA,false,-1
TL,9,1,RA_ER,false,-1
TL,9,2,RANDOM,false,-1
TL,9,2,FIRST,false,-1
TL,9,2,BFS,false,-1
TL,9,2,RA,false,-1
TL,9,2,RA_ER,false,-1
TL,9,3,RANDOM,false,-1
TL,9,3,FIRST,false,-1
TL,9,3,BFS,false,-1
TL,9,3,RA,false,-1
TL,9,3,RA_ER,false,-1
TL,9,4,RANDOM,false,-1
TL,9,4,FIRST,false,-1
TL,9,4,BFS,false,-1
TL,9,4,RA,false,-1
TL,9,4,RA_ER,false,-1
TL,9,5,RANDOM,false,-1
TL,9,5,FIRST,false,-1
TL,9,5,BFS,false,-1
TL,9,5,RA,false,-1
TL,9,5,RA_ER,false,-1
TL,9,6,RANDOM,false,-1
TL,9,6,FIRST,false,-1
TL,9,6,BFS,false,-1
TL,9,6,RA,false,-1
TL,9,6,RA_ER,false,-1
TL,9,7,RANDOM,false,-1
TL,9,7,FIRST,false,-1
TL,9,7,BFS,false,-1
TL,9,7,RA,false,-1
TL,9,7,RA_ER,false,-1
TL,9,8,RANDOM,false,-1
TL,9,8,FIRST,false,-1
TL,9,8,BFS,false,-1
TL,9,8,RA,false,-1
TL,9,8,RA_ER,false,-1
TL,9,9,RANDOM,false,-1
TL,9,9,FIRST,false,-1
TL,9,9,BFS,false,-1
TL,9,9,RA,false,-1
TL,9,9,RA_ER,false,-1
TL,9,10,RANDOM,false,-1
TL,9,10,FIRST,false,-1
TL,9,10,BFS,false,-1
TL,9,10,RA,false,-1
TL,9,10,RA_ER,false,-1
TL,9,11,RANDOM,false,-1
TL,9,11,FIRST,false,-1
TL,9,11,BFS,false,-1
TL,9,11,RA,false,-1
TL,9,11,RA_ER,false,-1
TL,9,12,RANDOM,false,-1
TL,9,12,FIRST,false,-1
TL,9,12,BFS,false,-1
TL,9,12,RA,false,-1
TL,9,12,RA_ER,false,-1
TL,9,13,RANDOM,false,-1
TL,9,13,FIRST,false,-1
TL,9,13,BFS,false,-1
TL,9,13,RA,false,-1
TL,9,13,RA_ER,false,-1
TL,9,14,RANDOM,false,-1
TL,9,14,FIRST,false,-1
TL,9,14,BFS,false,-1
TL,9,14,RA,false,-1
TL,9,14,RA_ER,false,-1
TL,9,15,RANDOM,false,-1
TL,9,15,FIRST,false,-1
TL,9,15,BFS,false,-1
TL,9,15,RA,false,-1
TL,9,15,RA_ER,false,-1
TL,10,1,RANDOM,false,-1
TL,10,1,FIRST,false,-1
TL,10,1,BFS,false,-1
TL,10,1,RA,false,-1
TL,10,1,RA_ER,false,-1
TL,10,2,RANDOM,false,-1
TL,10,2,FIRST,false,-1
TL,10,2,BFS,false,-1
TL,10,2,RA,false,-1
TL,10,2,RA_ER,false,-1
TL,10,3,RANDOM,false,-1
TL,10,3,FIRST,false,-1
TL,10,3,BFS,false,-1
TL,10,3,RA,false,-1
TL,10,3,RA_ER,false,-1
TL,10,4,RANDOM,false,-1
TL,10,4,FIRST,false,-1
TL,10,4,BFS,false,-1
TL,10,4,RA,false,-1
TL,10,4,RA_ER,false,-1
TL,10,5,RANDOM,false,-1
TL,10,5,FIRST,false,-1
TL,10,5,BFS,false,-1
TL,10,5,RA,false,-1
TL,10,5,RA_ER,false,-1
TL,10,6,RANDOM,false,-1
TL,10,6,FIRST,false,-1
TL,10,6,BFS,false,-1
TL,10,6,RA,false,-1
TL,10,6,RA_ER,false,-1
TL,10,7,RANDOM,false,-1
TL,10,7,FIRST,false,-1
TL,10,7,BFS,false,-1
TL,10,7,RA,false,-1
TL,10,7,RA_ER,false,-1
TL,10,8,RANDOM,false,-1
TL,10,8,FIRST,false,-1
TL,10,8,BFS,false,-1
TL,10,8,RA,false,-1
TL,10,8,RA_ER,false,-1
TL,10,9,RANDOM,false,-1
TL,10,9,FIRST,false,-1
TL,10,9,BFS,false,-1
TL,10,9,RA,false,-1
TL,10,9,RA_ER,false,-1
TL,10,10,RANDOM,false,-1
TL,10,10,FIRST,false,-1
TL,10,10,BFS,false,-1
TL,10,10,RA,false,-1
TL,10,10,RA_ER,false,-1
TL,10,11,RANDOM,false,-1
TL,10,11,FIRST,false,-1
TL,10,11,BFS,false,-1
TL,10,11,RA,false,-1
TL,10,11,RA_ER,false,-1
TL,10,12,RANDOM,false,-1
TL,10,12,FIRST,false,-1
TL,10,12,BFS,false,-1
TL,10,12,RA,false,-1
TL,10,12,RA_ER,false,-1
TL,10,13,RANDOM,false,-1
TL,10,13,FIRST,false,-1
TL,10,13,BFS,false,-1
TL,10,13,RA,false,-1
TL,10,13,RA_ER,false,-1
TL,10,14,RANDOM,false,-1
TL,10,14,FIRST,false,-1
TL,10,14,BFS,false,-1
TL,10,14,RA,false,-1
TL,10,14,RA_ER,false,-1
TL,10,15,RANDOM,false,-1
TL,10,15,FIRST,false,-1
TL,10,15,BFS,false,-1
TL,10,15,RA,false,-1
TL,10,15,RA_ER,false,-1
TL,11,1,RANDOM,false,-1
TL,11,1,FIRST,false,-1
TL,11,1,BFS,false,-1
TL,11,1,RA,false,-1
TL,11,1,RA_ER,false,-1
TL,11,2,RANDOM,false,-1
TL,11,2,FIRST,false,-1
TL,11,2,BFS,false,-1
TL,11,2,RA,false,-1
TL,11,2,RA_ER,false,-1
TL,11,3,RANDOM,false,-1
TL,11,3,FIRST,false,-1
TL,11,3,BFS,false,-1
TL,11,3,RA,false,-1
TL,11,3,RA_ER,false,-1
TL,11,4,RANDOM,false,-1
TL,11,4,FIRST,false,-1
TL,11,4,BFS,false,-1
TL,11,4,RA,false,-1
TL,11,4,RA_ER,false,-1
TL,11,5,RANDOM,false,-1
TL,11,5,FIRST,false,-1
TL,11,5,BFS,false,-1
TL,11,5,RA,false,-1
TL,11,5,RA_ER,false,-1
TL,11,6,RANDOM,false,-1
TL,11,6,FIRST,false,-1
TL,11,6,BFS,false,-1
TL,11,6,RA,false,-1
TL,11,6,RA_ER,false,-1
TL,11,7,RANDOM,false,-1
TL,11,7,FIRST,false,-1
TL,11,7,BFS,false,-1
TL,11,7,RA,false,-1
TL,11,7,RA_ER,false,-1
TL,11,8,RANDOM,false,-1
TL,11,8,FIRST,false,-1
TL,11,8,BFS,false,-1
TL,11,8,RA,false,-1
TL,11,8,RA_ER,false,-1
TL,11,9,RANDOM,false,-1
TL,11,9,FIRST,false,-1
TL,11,9,BFS,false,-1
TL,11,9,RA,false,-1
TL,11,9,RA_ER,false,-1
TL,11,10,RANDOM,false,-1
TL,11,10,FIRST,false,-1
TL,11,10,BFS,false,-1
TL,11,10,RA,false,-1
TL,11,10,RA_ER,false,-1
TL,11,11,RANDOM,false,-1
TL,11,11,FIRST,false,-1
TL,11,11,BFS,false,-1
TL,11,11,RA,false,-1
TL,11,11,RA_ER,false,-1
TL,11,12,RANDOM,false,-1
TL,11,12,FIRST,false,-1
TL,11,12,BFS,false,-1
TL,11,12,RA,false,-1
TL,11,12,RA_ER,false,-1
TL,11,13,RANDOM,false,-1
TL,11,13,FIRST,false,-1
TL,11,13,BFS,false,-1
TL,11,13,RA,false,-1
TL,11,13,RA_ER,false,-1
TL,11,14,RANDOM,false,-1
TL,11,14,FIRST,false,-1
TL,11,14,BFS,false,-1
TL,11,14,RA,false,-1
TL,11,14,RA_ER,false,-1
TL,11,15,RANDOM,false,-1
TL,11,15,FIRST,false,-1
TL,11,15,BFS,false,-1
TL,11,15,RA,false,-1
TL,11,15,RA_ER,false,-1
TL,12,1,RANDOM,false,-1
TL,12,1,FIRST,false,-1
TL,12,1,BFS,false,-1
TL,12,1,RA,false,-1
TL,12,1,RA_ER,false,-1
TL,12,2,RANDOM,false,-1
TL,12,2,FIRST,false,-1
TL,12,2,BFS,false,-1
TL,12,2,RA,false,-1
TL,12,2,RA_ER,false,-1
TL,12,3,RANDOM,false,-1
TL,12,3,FIRST,false,-1
TL,12,3,BFS,false,-1
TL,12,3,RA,false,-1
TL,12,3,RA_ER,false,-1
TL,12,4,RANDOM,false,-1
TL,12,4,FIRST,false,-1
TL,12,4,BFS,false,-1
TL,12,4,RA,false,-1
TL,12,4,RA_ER,false,-1
TL,12,5,RANDOM,false,-1
TL,12,5,FIRST,false,-1
TL,12,5,BFS,false,-1
TL,12,5,RA,false,-1
TL,12,5,RA_ER,false,-1
TL,12,6,RANDOM,false,-1
TL,12,6,FIRST,false,-1
TL,12,6,BFS,false,-1
TL,12,6,RA,false,-1
TL,12,6,RA_ER,false,-1
TL,12,7,RANDOM,false,-1
TL,12,7,FIRST,false,-1
TL,12,7,BFS,false,-1
TL,12,7,RA,false,-1
TL,12,7,RA_ER,false,-1
TL,12,8,RANDOM,false,-1
TL,12,8,FIRST,false,-1
TL,12,8,BFS,false,-1
TL,12,8,RA,false,-1
TL,12,8,RA_ER,false,-1
TL,12,9,RANDOM,false,-1
TL,12,9,FIRST,false,-1
TL,12,9,BFS,false,-1
TL,12,9,RA,false,-1
TL,12,9,RA_ER,false,-1
TL,12,10,RANDOM,false,-1
TL,12,10,FIRST,false,-1
TL,12,10,BFS,false,-1
TL,12,10,RA,false,-1
TL,12,10,RA_ER,false,-1
TL,12,11,RANDOM,false,-1
TL,12,11,FIRST,false,-1
TL,12,11,BFS,false,-1
TL,12,11,RA,false,-1
TL,12,11,RA_ER,false,-1
TL,12,12,RANDOM,false,-1
TL,12,12,FIRST,false,-1
TL,12,12,BFS,false,-1
TL,12,12,RA,false,-1
TL,12,12,RA_ER,false,-1
TL,12,13,RANDOM,false,-1
TL,12,13,FIRST,false,-1
TL,12,13,BFS,false,-1
TL,12,13,RA,false,-1
TL,12,13,RA_ER,false,-1
TL,12,14,RANDOM,false,-1
TL,12,14,FIRST,false,-1
TL,12,14,BFS,false,-1
TL,12,14,RA,false,-1
TL,12,14,RA_ER,false,-1
TL,12,15,RANDOM,false,-1
TL,12,15,FIRST,false,-1
TL,12,15,BFS,false,-1
TL,12,15,RA,false,-1
TL,12,15,RA_ER,false,-1
TL,13,1,RANDOM,false,-1
TL,13,1,FIRST,false,-1
TL,13,1,BFS,false,-1
TL,13,1,RA,false,-1
TL,13,1,RA_ER,false,-1
TL,13,2,RANDOM,false,-1
TL,13,2,FIRST,false,-1
TL,13,2,BFS,false,-1
TL,13,2,RA,false,-1
TL,13,2,RA_ER,false,-1
TL,13,3,RANDOM,false,-1
TL,13,3,FIRST,false,-1
TL,13,3,BFS,false,-1
TL,13,3,RA,false,-1
TL,13,3,RA_ER,false,-1
TL,13,4,RANDOM,false,-1
TL,13,4,FIRST,false,-1
TL,13,4,BFS,false,-1
TL,13,4,RA,false,-1
TL,13,4,RA_ER,false,-1
TL,13,5,RANDOM,false,-1
TL,13,5,FIRST,false,-1
TL,13,5,BFS,false,-1
TL,13,5,RA,false,-1
TL,13,5,RA_ER,false,-1
TL,13,6,RANDOM,false,-1
TL,13,6,FIRST,false,-1
TL,13,6,BFS,false,-1
TL,13,6,RA,false,-1
TL,13,6,RA_ER,false,-1
TL,13,7,RANDOM,false,-1
TL,13,7,FIRST,false,-1
TL,13,7,BFS,false,-1
TL,13,7,RA,false,-1
TL,13,7,RA_ER,false,-1
TL,13,8,RANDOM,false,-1
TL,13,8,FIRST,false,-1
TL,13,8,BFS,false,-1
TL,13,8,RA,false,-1
TL,13,8,RA_ER,false,-1
TL,13,9,RANDOM,false,-1
TL,13,9,FIRST,false,-1
TL,13,9,BFS,false,-1
TL,13,9,RA,false,-1
TL,13,9,RA_ER,false,-1
TL,13,10,RANDOM,false,-1
TL,13,10,FIRST,false,-1
TL,13,10,BFS,false,-1
TL,13,10,RA,false,-1
TL,13,10,RA_ER,false,-1
TL,13,11,RANDOM,false,-1
TL,13,11,FIRST,false,-1
TL,13,11,BFS,false,-1
TL,13,11,RA,false,-1
TL,13,11,RA_ER,false,-1
TL,13,12,RANDOM,false,-1
TL,13,12,FIRST,false,-1
TL,13,12,BFS,false,-1
TL,13,12,RA,false,-1
TL,13,12,RA_ER,false,-1
TL,13,13,RANDOM,false,-1
TL,13,13,FIRST,false,-1
TL,13,13,BFS,false,-1
TL,13,13,RA,false,-1
TL,13,13,RA_ER,false,-1
TL,13,14,RANDOM,false,-1
TL,13,14,FIRST,false,-1
TL,13,14,BFS,false,-1
TL,13,14,RA,false,-1
TL,13,14,RA_ER,false,-1
TL,13,15,RANDOM,false,-1
TL,13,15,FIRST,false,-1
TL,13,15,BFS,false,-1
TL,13,15,RA,false,-1
TL,13,15,RA_ER,false,-1
TL,14,1,RANDOM,false,-1
TL,14,1,FIRST,false,-1
TL,14,1,BFS,false,-1
TL,14,1,RA,false,-1
TL,14,1,RA_ER,false,-1
TL,14,2,RANDOM,false,-1
TL,14,2,FIRST,false,-1
TL,14,2,BFS,false,-1
TL,14,2,RA,false,-1
TL,14,2,RA_ER,false,-1
TL,14,3,RANDOM,false,-1
TL,14,3,FIRST,false,-1
TL,14,3,BFS,false,-1
TL,14,3,RA,false,-1
TL,14,3,RA_ER,false,-1
TL,14,4,RANDOM,false,-1
TL,14,4,FIRST,false,-1
TL,14,4,BFS,false,-1
TL,14,4,RA,false,-1
TL,14,4,RA_ER,false,-1
TL,14,5,RANDOM,false,-1
TL,14,5,FIRST,false,-1
TL,14,5,BFS,false,-1
TL,14,5,RA,false,-1
TL,14,5,RA_ER,false,-1
TL,14,6,RANDOM,false,-1
TL,14,6,FIRST,false,-1
TL,14,6,BFS,false,-1
TL,14,6,RA,false,-1
TL,14,6,RA_ER,false,-1
TL,14,7,RANDOM,false,-1
TL,14,7,FIRST,false,-1
TL,14,7,BFS,false,-1
TL,14,7,RA,false,-1
TL,14,7,RA_ER,false,-1
TL,14,8,RANDOM,false,-1
TL,14,8,FIRST,false,-1
TL,14,8,BFS,false,-1
TL,14,8,RA,false,-1
TL,14,8,RA_ER,false,-1
TL,14,9,RANDOM,false,-1
TL,14,9,FIRST,false,-1
TL,14,9,BFS,false,-1
TL,14,9,RA,false,-1
TL,14,9,RA_ER,false,-1
TL,14,10,RANDOM,false,-1
TL,14,10,FIRST,false,-1
TL,14,10,BFS,false,-1
TL,14,10,RA,false,-1
TL,14,10,RA_ER,false,-1
TL,14,11,RANDOM,false,-1
TL,14,11,FIRST,false,-1
TL,14,11,BFS,false,-1
TL,14,11,RA,false,-1
TL,14,11,RA_ER,false,-1
TL,14,12,RANDOM,false,-1
TL,14,12,FIRST,false,-1
TL,14,12,BFS,false,-1
TL,14,12,RA,false,-1
TL,14,12,RA_ER,false,-1
TL,14,13,RANDOM,false,-1
TL,14,13,FIRST,false,-1
TL,14,13,BFS,false,-1
TL,14,13,RA,false,-1
TL,14,13,RA_ER,false,-1
TL,14,14,RANDOM,false,-1
TL,14,14,FIRST,false,-1
TL,14,14,BFS,false,-1
TL,14,14,RA,false,-1
TL,14,14,RA_ER,false,-1
TL,14,15,RANDOM,false,-1
TL,14,15,FIRST,false,-1
TL,14,15,BFS,false,-1
TL,14,15,RA,false,-1
TL,14,15,RA_ER,false,-1
TL,15,1,RANDOM,false,-1
TL,15,1,FIRST,false,-1
TL,15,1,BFS,false,-1
TL,15,1,RA,false,-1
TL,15,1,RA_ER,false,-1
TL,15,2,RANDOM,false,-1
TL,15,2,FIRST,false,-1
TL,15,2,BFS,false,-1
TL,15,2,RA,false,-1
TL,15,2,RA_ER,false,-1
TL,15,3,RANDOM,false,-1
TL,15,3,FIRST,false,-1
TL,15,3,BFS,false,-1
TL,15,3,RA,false,-1
TL,15,3,RA_ER,false,-1
TL,15,4,RANDOM,false,-1
TL,15,4,FIRST,false,-1
TL,15,4,BFS,false,-1
TL,15,4,RA,false,-1
TL,15,4,RA_ER,false,-1
TL,15,5,RANDOM,false,-1
TL,15,5,FIRST,false,-1
TL,15,5,BFS,false,-1
TL,15,5,RA,false,-1
TL,15,5,RA_ER,false,-1
TL,15,6,RANDOM,false,-1
TL,15,6,FIRST,false,-1
TL,15,6,BFS,false,-1
TL,15,6,RA,false,-1
TL,15,6,RA_ER,false,-1
TL,15,7,RANDOM,false,-1
TL,15,7,FIRST,false,-1
TL,15,7,BFS,false,-1
TL,15,7,RA,false,-1
TL,15,7,RA_ER,false,-1
TL,15,8,RANDOM,false,-1
TL,15,8,FIRST,false,-1
TL,15,8,BFS,false,-1
TL,15,8,RA,false,-1
TL,15,8,RA_ER,false,-1
TL,15,9,RANDOM,false,-1
TL,15,9,FIRST,false,-1
TL,15,9,BFS,false,-1
TL,15,9,RA,false,-1
TL,15,9,RA_ER,false,-1
TL,15,10,RANDOM,false,-1
TL,15,10,FIRST,false,-1
TL,15,10,BFS,false,-1
TL,15,10,RA,false,-1
TL,15,10,RA_ER,false,-1
TL,15,11,RANDOM,false,-1
TL,15,11,FIRST,false,-1
TL,15,11,BFS,false,-1
TL,15,11,RA,false,-1
TL,15,11,RA_ER,false,-1
TL,15,12,RANDOM,false,-1
TL,15,12,FIRST,false,-1
TL,15,12,BFS,false,-1
TL,15,12,RA,false,-1
TL,15,12,RA_ER,false,-1
TL,15,13,RANDOM,false,-1
TL,15,13,FIRST,false,-1
TL,15,13,BFS,false,-1
TL,15,13,RA,false,-1
TL,15,13,RA_ER,false,-1
TL,15,14,RANDOM,false,-1
TL,15,14,FIRST,false,-1
TL,15,14,BFS,false,-1
TL,15,14,RA,false,-1
TL,15,14,RA_ER,false,-1
TL,15,15,RANDOM,false,-1
TL,15,15,FIRST,false,-1
TL,15,15,BFS,false,-1
TL,15,15,RA,false,-1
TL,15,15,RA_ER,false,-1
